; --- GRBL G-Code Generated Directly from TTF Vector ---
G21 ; Thước đo mm
G90 ; Tọa độ tuyệt đối
G0 Z3.00 ; Nâng bút an toàn

G0 X9.42 Y19.38
G1 Z0.00 F1200
G1 X9.40 Y19.35
G1 X9.39 Y19.33
G1 X9.37 Y19.31
G1 X9.36 Y19.30
G1 X9.34 Y19.28
G1 X9.33 Y19.26
G1 X9.31 Y19.25
G1 X9.30 Y19.23
G1 X9.24 Y19.17
G1 X9.24 Y19.17
G1 X9.24 Y19.17
G1 X9.24 Y19.17
G1 X9.24 Y19.17
G1 X9.24 Y19.17
G1 X9.24 Y19.17
G1 X9.24 Y19.17
G1 X9.24 Y19.17
G1 X9.15 Y19.08
G1 X9.03 Y18.94
G1 X8.94 Y18.84
G1 X8.85 Y18.73
G1 X8.75 Y18.62
G1 X8.66 Y18.51
G1 X8.57 Y18.40
G1 X8.48 Y18.29
G1 X8.38 Y18.18
G1 X8.27 Y18.04
G1 X8.18 Y17.94
G1 X8.09 Y17.83
G1 X8.00 Y17.72
G1 X7.91 Y17.61
G1 X7.83 Y17.50
G1 X7.74 Y17.39
G1 X7.65 Y17.28
G1 X7.34 Y16.87
G1 X7.09 Y16.54
G1 X6.84 Y16.21
G1 X6.59 Y15.88
G1 X6.35 Y15.55
G1 X6.10 Y15.22
G1 X5.86 Y14.88
G1 X5.62 Y14.55
G1 X5.33 Y14.13
G1 X5.10 Y13.80
G1 X4.87 Y13.46
G1 X4.63 Y13.11
G1 X4.40 Y12.77
G1 X4.17 Y12.43
G1 X3.95 Y12.08
G1 X3.72 Y11.73
G1 X3.46 Y11.32
G1 X3.26 Y10.98
G1 X3.05 Y10.64
G1 X2.85 Y10.31
G1 X2.66 Y9.97
G1 X2.46 Y9.63
G1 X2.27 Y9.29
G1 X2.08 Y8.96
G1 X1.86 Y8.53
G1 X1.68 Y8.19
G1 X1.51 Y7.84
G1 X1.34 Y7.49
G1 X1.18 Y7.14
G1 X1.02 Y6.78
G1 X0.87 Y6.42
G1 X0.72 Y6.06
G1 X0.68 Y5.93
G1 X0.64 Y5.83
G1 X0.60 Y5.73
G1 X0.57 Y5.63
G1 X0.54 Y5.53
G1 X0.50 Y5.43
G1 X0.47 Y5.33
G1 X0.43 Y5.23
G1 X0.39 Y5.11
G1 X0.36 Y5.01
G1 X0.33 Y4.91
G1 X0.29 Y4.81
G1 X0.26 Y4.71
G1 X0.22 Y4.61
G1 X0.19 Y4.51
G1 X0.15 Y4.41
G1 X0.14 Y4.40
G1 X0.14 Y4.39
G1 X0.13 Y4.39
G1 X0.13 Y4.38
G1 X0.12 Y4.37
G1 X0.12 Y4.36
G1 X0.12 Y4.36
G1 X0.12 Y4.35
G1 X0.12 Y4.34
G1 X0.12 Y4.33
G1 X0.12 Y4.33
G1 X0.11 Y4.32
G1 X0.11 Y4.31
G1 X0.10 Y4.30
G1 X0.10 Y4.30
G1 X0.09 Y4.29
G1 X0.07 Y4.23
G1 X0.05 Y4.19
G1 X0.02 Y4.16
G1 X-0.00 Y4.13
G1 X-0.03 Y4.11
G1 X-0.07 Y4.09
G1 X-0.11 Y4.08
G1 X-0.15 Y4.08
G1 X-0.17 Y4.08
G1 X-0.18 Y4.08
G1 X-0.19 Y4.08
G1 X-0.20 Y4.08
G1 X-0.21 Y4.08
G1 X-0.22 Y4.08
G1 X-0.23 Y4.08
G1 X-0.24 Y4.08
G1 X-0.30 Y4.10
G1 X-0.34 Y4.13
G1 X-0.37 Y4.15
G1 X-0.40 Y4.19
G1 X-0.42 Y4.23
G1 X-0.44 Y4.27
G1 X-0.45 Y4.32
G1 X-0.45 Y4.38
G1 X-0.44 Y4.42
G1 X-0.43 Y4.46
G1 X-0.43 Y4.50
G1 X-0.42 Y4.53
G1 X-0.42 Y4.56
G1 X-0.41 Y4.60
G1 X-0.41 Y4.63
G1 X-0.40 Y4.67
G1 X-0.40 Y4.71
G1 X-0.40 Y4.74
G1 X-0.39 Y4.77
G1 X-0.39 Y4.81
G1 X-0.38 Y4.84
G1 X-0.37 Y4.88
G1 X-0.37 Y4.91
G1 X-0.36 Y4.95
G1 X-0.17 Y6.01
G1 X-0.02 Y6.87
G1 X0.15 Y7.72
G1 X0.32 Y8.58
G1 X0.51 Y9.43
G1 X0.69 Y10.28
G1 X0.89 Y11.14
G1 X1.09 Y11.98
G1 X1.36 Y13.03
G1 X1.57 Y13.88
G1 X1.80 Y14.73
G1 X2.03 Y15.58
G1 X2.26 Y16.43
G1 X2.50 Y17.29
G1 X2.75 Y18.14
G1 X3.00 Y18.99
G1 X3.04 Y19.14
G1 X3.08 Y19.27
G1 X3.12 Y19.39
G1 X3.15 Y19.52
G1 X3.18 Y19.64
G1 X3.22 Y19.77
G1 X3.25 Y19.90
G1 X3.28 Y20.02
G1 X3.33 Y20.18
G1 X3.36 Y20.31
G1 X3.39 Y20.44
G1 X3.43 Y20.56
G1 X3.46 Y20.69
G1 X3.50 Y20.81
G1 X3.53 Y20.94
G1 X3.57 Y21.06
G1 X3.57 Y21.08
G1 X3.57 Y21.09
G1 X3.57 Y21.10
G1 X3.57 Y21.11
G1 X3.58 Y21.12
G1 X3.58 Y21.13
G1 X3.58 Y21.14
G1 X3.58 Y21.15
G1 X3.59 Y21.16
G1 X3.59 Y21.17
G1 X3.59 Y21.17
G1 X3.60 Y21.18
G1 X3.60 Y21.19
G1 X3.60 Y21.20
G1 X3.60 Y21.20
G1 X3.60 Y21.21
G1 X3.61 Y21.28
G1 X3.63 Y21.34
G1 X3.66 Y21.38
G1 X3.69 Y21.42
G1 X3.74 Y21.44
G1 X3.78 Y21.46
G1 X3.84 Y21.48
G1 X3.90 Y21.48
G1 X3.96 Y21.46
G1 X4.00 Y21.44
G1 X4.03 Y21.42
G1 X4.06 Y21.39
G1 X4.08 Y21.37
G1 X4.10 Y21.34
G1 X4.11 Y21.31
G1 X4.11 Y21.27
G1 X4.11 Y21.25
G1 X4.11 Y21.24
G1 X4.11 Y21.23
G1 X4.11 Y21.22
G1 X4.11 Y21.21
G1 X4.11 Y21.20
G1 X4.11 Y21.19
G1 X4.11 Y21.18
G1 X4.10 Y21.13
G1 X4.09 Y21.08
G1 X4.09 Y21.04
G1 X4.08 Y21.00
G1 X4.08 Y20.96
G1 X4.07 Y20.92
G1 X4.07 Y20.88
G1 X4.06 Y20.84
G1 X4.06 Y20.79
G1 X4.05 Y20.74
G1 X4.05 Y20.70
G1 X4.04 Y20.66
G1 X4.03 Y20.62
G1 X4.02 Y20.58
G1 X4.00 Y20.53
G1 X3.99 Y20.49
G1 X3.92 Y20.26
G1 X3.86 Y20.07
G1 X3.80 Y19.87
G1 X3.75 Y19.68
G1 X3.69 Y19.49
G1 X3.64 Y19.30
G1 X3.58 Y19.11
G1 X3.52 Y18.91
G1 X3.46 Y18.68
G1 X3.40 Y18.48
G1 X3.35 Y18.29
G1 X3.29 Y18.10
G1 X3.23 Y17.91
G1 X3.18 Y17.72
G1 X3.12 Y17.53
G1 X3.06 Y17.34
G1 X2.85 Y16.58
G1 X2.68 Y15.96
G1 X2.51 Y15.34
G1 X2.35 Y14.73
G1 X2.19 Y14.12
G1 X2.03 Y13.50
G1 X1.88 Y12.89
G1 X1.72 Y12.29
G1 X1.54 Y11.53
G1 X1.40 Y10.92
G1 X1.26 Y10.31
G1 X1.12 Y9.69
G1 X0.99 Y9.07
G1 X0.85 Y8.45
G1 X0.73 Y7.83
G1 X0.60 Y7.20
G1 X0.59 Y7.19
G1 X0.59 Y7.18
G1 X0.58 Y7.16
G1 X0.58 Y7.15
G1 X0.57 Y7.13
G1 X0.57 Y7.10
G1 X0.57 Y7.08
G1 X0.57 Y7.05
G1 X0.58 Y7.07
G1 X0.58 Y7.08
G1 X0.59 Y7.09
G1 X0.59 Y7.10
G1 X0.60 Y7.11
G1 X0.60 Y7.12
G1 X0.60 Y7.13
G1 X0.60 Y7.14
G1 X0.83 Y7.62
G1 X1.02 Y8.01
G1 X1.21 Y8.39
G1 X1.41 Y8.77
G1 X1.61 Y9.15
G1 X1.81 Y9.52
G1 X2.02 Y9.89
G1 X2.23 Y10.26
G1 X2.50 Y10.71
G1 X2.72 Y11.07
G1 X2.95 Y11.44
G1 X3.17 Y11.80
G1 X3.40 Y12.17
G1 X3.64 Y12.53
G1 X3.87 Y12.90
G1 X4.11 Y13.26
G1 X4.40 Y13.68
G1 X4.63 Y14.02
G1 X4.87 Y14.36
G1 X5.11 Y14.69
G1 X5.34 Y15.02
G1 X5.58 Y15.35
G1 X5.82 Y15.68
G1 X6.06 Y16.00
G1 X6.36 Y16.41
G1 X6.60 Y16.73
G1 X6.85 Y17.05
G1 X7.10 Y17.37
G1 X7.36 Y17.70
G1 X7.61 Y18.02
G1 X7.87 Y18.34
G1 X8.13 Y18.66
G1 X8.19 Y18.74
G1 X8.25 Y18.81
G1 X8.30 Y18.87
G1 X8.35 Y18.93
G1 X8.40 Y19.00
G1 X8.46 Y19.06
G1 X8.51 Y19.12
G1 X8.56 Y19.18
G1 X8.63 Y19.26
G1 X8.69 Y19.32
G1 X8.74 Y19.38
G1 X8.80 Y19.44
G1 X8.86 Y19.50
G1 X8.91 Y19.56
G1 X8.97 Y19.62
G1 X9.03 Y19.68
G1 X9.08 Y19.73
G1 X9.13 Y19.77
G1 X9.17 Y19.81
G1 X9.22 Y19.84
G1 X9.26 Y19.87
G1 X9.30 Y19.90
G1 X9.35 Y19.93
G1 X9.39 Y19.95
G1 X9.43 Y19.97
G1 X9.46 Y19.98
G1 X9.48 Y19.99
G1 X9.51 Y20.00
G1 X9.54 Y20.00
G1 X9.57 Y20.01
G1 X9.60 Y20.01
G1 X9.63 Y20.01
G1 X9.67 Y20.01
G1 X9.70 Y20.00
G1 X9.73 Y20.00
G1 X9.76 Y19.99
G1 X9.79 Y19.98
G1 X9.82 Y19.97
G1 X9.85 Y19.95
G1 X9.88 Y19.93
G1 X9.92 Y19.91
G1 X9.95 Y19.88
G1 X9.97 Y19.86
G1 X9.99 Y19.82
G1 X10.00 Y19.79
G1 X10.01 Y19.74
G1 X10.02 Y19.70
G1 X10.02 Y19.65
G1 X10.02 Y19.64
G1 X10.02 Y19.63
G1 X10.02 Y19.63
G1 X10.02 Y19.62
G1 X10.02 Y19.61
G1 X10.02 Y19.60
G1 X10.02 Y19.60
G1 X10.02 Y19.59
G1 X10.01 Y19.53
G1 X10.00 Y19.48
G1 X10.00 Y19.43
G1 X9.99 Y19.38
G1 X9.98 Y19.34
G1 X9.97 Y19.29
G1 X9.97 Y19.24
G1 X9.96 Y19.20
G1 X9.95 Y19.15
G1 X9.94 Y19.10
G1 X9.93 Y19.05
G1 X9.92 Y19.01
G1 X9.91 Y18.96
G1 X9.90 Y18.91
G1 X9.88 Y18.86
G1 X9.87 Y18.81
G1 X9.79 Y18.59
G1 X9.72 Y18.42
G1 X9.66 Y18.24
G1 X9.60 Y18.07
G1 X9.53 Y17.89
G1 X9.47 Y17.71
G1 X9.41 Y17.53
G1 X9.34 Y17.36
G1 X9.27 Y17.13
G1 X9.21 Y16.96
G1 X9.14 Y16.78
G1 X9.08 Y16.60
G1 X9.01 Y16.43
G1 X8.95 Y16.25
G1 X8.89 Y16.08
G1 X8.82 Y15.90
G1 X8.58 Y15.28
G1 X8.39 Y14.78
G1 X8.20 Y14.27
G1 X8.01 Y13.77
G1 X7.82 Y13.26
G1 X7.64 Y12.76
G1 X7.45 Y12.25
G1 X7.27 Y11.74
G1 X7.06 Y11.12
G1 X6.88 Y10.61
G1 X6.71 Y10.10
G1 X6.55 Y9.59
G1 X6.38 Y9.08
G1 X6.22 Y8.56
G1 X6.06 Y8.05
G1 X5.91 Y7.53
G1 X5.68 Y6.72
G1 X5.49 Y6.07
G1 X5.30 Y5.42
G1 X5.12 Y4.76
G1 X4.94 Y4.12
G1 X4.75 Y3.47
G1 X4.57 Y2.82
G1 X4.39 Y2.17
G1 X4.18 Y1.38
G1 X4.00 Y0.73
G1 X3.83 Y0.08
G1 X3.67 Y-0.58
G1 X3.50 Y-1.23
G1 X3.34 Y-1.89
G1 X3.18 Y-2.55
G1 X3.03 Y-3.21
G1 X2.99 Y-3.36
G1 X2.97 Y-3.49
G1 X2.94 Y-3.61
G1 X2.91 Y-3.74
G1 X2.89 Y-3.86
G1 X2.87 Y-3.99
G1 X2.84 Y-4.12
G1 X2.82 Y-4.25
G1 X2.79 Y-4.40
G1 X2.77 Y-4.53
G1 X2.75 Y-4.66
G1 X2.73 Y-4.78
G1 X2.71 Y-4.91
G1 X2.68 Y-5.03
G1 X2.66 Y-5.16
G1 X2.64 Y-5.28
G1 X2.63 Y-5.30
G1 X2.63 Y-5.32
G1 X2.62 Y-5.34
G1 X2.62 Y-5.37
G1 X2.61 Y-5.39
G1 X2.61 Y-5.42
G1 X2.61 Y-5.45
G1 X2.61 Y-5.49
G1 X2.61 Y-5.52
G1 X2.62 Y-5.55
G1 X2.62 Y-5.58
G1 X2.63 Y-5.60
G1 X2.65 Y-5.62
G1 X2.66 Y-5.64
G1 X2.68 Y-5.65
G1 X2.70 Y-5.67
G1 X2.73 Y-5.69
G1 X2.76 Y-5.71
G1 X2.78 Y-5.73
G1 X2.79 Y-5.75
G1 X2.80 Y-5.77
G1 X2.81 Y-5.80
G1 X2.82 Y-5.82
G1 X2.82 Y-5.85
G1 X2.82 Y-5.87
G1 X2.82 Y-5.88
G1 X2.82 Y-5.90
G1 X2.81 Y-5.91
G1 X2.81 Y-5.93
G1 X2.80 Y-5.94
G1 X2.80 Y-5.96
G1 X2.79 Y-5.97
G1 X2.77 Y-6.01
G1 X2.75 Y-6.04
G1 X2.72 Y-6.06
G1 X2.70 Y-6.08
G1 X2.67 Y-6.10
G1 X2.63 Y-6.11
G1 X2.59 Y-6.12
G1 X2.55 Y-6.12
G1 X2.54 Y-6.12
G1 X2.53 Y-6.12
G1 X2.52 Y-6.12
G1 X2.51 Y-6.12
G1 X2.50 Y-6.12
G1 X2.49 Y-6.12
G1 X2.47 Y-6.12
G1 X2.46 Y-6.12
G1 X2.42 Y-6.11
G1 X2.38 Y-6.10
G1 X2.35 Y-6.08
G1 X2.32 Y-6.07
G1 X2.29 Y-6.05
G1 X2.26 Y-6.03
G1 X2.23 Y-6.01
G1 X2.21 Y-5.98
G1 X2.18 Y-5.95
G1 X2.16 Y-5.93
G1 X2.14 Y-5.90
G1 X2.12 Y-5.87
G1 X2.11 Y-5.85
G1 X2.11 Y-5.82
G1 X2.10 Y-5.79
G1 X2.10 Y-5.76
G1 X2.10 Y-5.75
G1 X2.10 Y-5.74
G1 X2.10 Y-5.74
G1 X2.10 Y-5.73
G1 X2.10 Y-5.72
G1 X2.10 Y-5.71
G1 X2.10 Y-5.71
G1 X2.10 Y-5.70
G1 X2.10 Y-5.70
G1 X2.10 Y-5.70
G1 X2.10 Y-5.70
G1 X2.10 Y-5.69
G1 X2.10 Y-5.69
G1 X2.10 Y-5.68
G1 X2.10 Y-5.68
G1 X2.10 Y-5.67
G1 X2.10 Y-5.66
G1 X2.10 Y-5.66
G1 X2.10 Y-5.65
G1 X2.10 Y-5.65
G1 X2.10 Y-5.64
G1 X2.10 Y-5.64
G1 X2.10 Y-5.64
G1 X2.10 Y-5.64
G1 X2.10 Y-5.63
G1 X2.10 Y-5.63
G1 X2.10 Y-5.62
G1 X2.10 Y-5.62
G1 X2.10 Y-5.61
G1 X2.10 Y-5.61
G1 X2.10 Y-5.61
G1 X2.10 Y-5.61
G1 X2.10 Y-5.52
G1 X2.10 Y-5.52
G1 X2.10 Y-5.52
G1 X2.10 Y-5.52
G1 X2.10 Y-5.51
G1 X2.10 Y-5.51
G1 X2.10 Y-5.50
G1 X2.10 Y-5.50
G1 X2.10 Y-5.49
G1 X2.10 Y-5.49
G1 X2.10 Y-5.49
G1 X2.10 Y-5.49
G1 X2.10 Y-5.48
G1 X2.10 Y-5.48
G1 X2.10 Y-5.47
G1 X2.10 Y-5.47
G1 X2.10 Y-5.46
G1 X2.10 Y-5.25
G1 X2.10 Y-5.19
G1 X2.10 Y-5.13
G1 X2.11 Y-5.08
G1 X2.12 Y-5.03
G1 X2.12 Y-4.97
G1 X2.13 Y-4.91
G1 X2.15 Y-4.86
G1 X2.16 Y-4.80
G1 X2.22 Y-4.46
G1 X2.28 Y-4.18
G1 X2.33 Y-3.91
G1 X2.39 Y-3.63
G1 X2.45 Y-3.36
G1 X2.51 Y-3.08
G1 X2.58 Y-2.81
G1 X2.64 Y-2.53
G1 X2.72 Y-2.20
G1 X2.79 Y-1.92
G1 X2.86 Y-1.65
G1 X2.93 Y-1.37
G1 X3.00 Y-1.10
G1 X3.07 Y-0.82
G1 X3.14 Y-0.55
G1 X3.21 Y-0.27
G1 X3.39 Y0.40
G1 X3.54 Y0.95
G1 X3.68 Y1.50
G1 X3.83 Y2.04
G1 X3.97 Y2.58
G1 X4.12 Y3.13
G1 X4.26 Y3.67
G1 X4.41 Y4.21
G1 X4.59 Y4.89
G1 X4.74 Y5.43
G1 X4.90 Y5.97
G1 X5.05 Y6.52
G1 X5.21 Y7.06
G1 X5.37 Y7.61
G1 X5.53 Y8.15
G1 X5.70 Y8.70
G1 X5.88 Y9.28
G1 X6.03 Y9.75
G1 X6.19 Y10.22
G1 X6.34 Y10.69
G1 X6.50 Y11.16
G1 X6.66 Y11.62
G1 X6.82 Y12.08
G1 X6.99 Y12.54
G1 X7.20 Y13.11
G1 X7.37 Y13.57
G1 X7.54 Y14.03
G1 X7.71 Y14.49
G1 X7.88 Y14.96
G1 X8.05 Y15.42
G1 X8.23 Y15.88
G1 X8.40 Y16.35
G1 X8.48 Y16.55
G1 X8.54 Y16.71
G1 X8.61 Y16.87
G1 X8.67 Y17.03
G1 X8.73 Y17.19
G1 X8.78 Y17.35
G1 X8.84 Y17.51
G1 X8.89 Y17.67
G1 X8.96 Y17.87
G1 X9.02 Y18.03
G1 X9.07 Y18.19
G1 X9.13 Y18.36
G1 X9.19 Y18.52
G1 X9.24 Y18.69
G1 X9.30 Y18.85
G1 X9.36 Y19.02
G1 X9.38 Y19.04
G1 X9.39 Y19.05
G1 X9.40 Y19.07
G1 X9.41 Y19.09
G1 X9.41 Y19.11
G1 X9.42 Y19.13
G1 X9.42 Y19.15
G1 X9.42 Y19.17
G1 X9.42 Y19.20
G1 X9.42 Y19.22
G1 X9.42 Y19.24
G1 X9.43 Y19.26
G1 X9.43 Y19.28
G1 X9.44 Y19.31
G1 X9.44 Y19.33
G1 X9.45 Y19.35
G1 X9.45 Y19.36
G1 X9.45 Y19.36
G1 X9.45 Y19.37
G1 X9.44 Y19.37
G1 X9.44 Y19.38
G1 X9.43 Y19.38
G1 X9.43 Y19.38
G1 X9.42 Y19.38
G1 X9.42 Y19.38
G0 Z3.00

G0 X10.98 Y9.48
G1 Z0.00 F1200
G1 X11.02 Y9.45
G1 X11.05 Y9.43
G1 X11.07 Y9.40
G1 X11.09 Y9.37
G1 X11.11 Y9.34
G1 X11.12 Y9.31
G1 X11.13 Y9.28
G1 X11.13 Y9.24
G1 X11.13 Y9.22
G1 X11.13 Y9.21
G1 X11.13 Y9.19
G1 X11.12 Y9.18
G1 X11.12 Y9.16
G1 X11.11 Y9.15
G1 X11.11 Y9.13
G1 X11.10 Y9.12
G1 X11.08 Y9.08
G1 X11.07 Y9.06
G1 X11.05 Y9.03
G1 X11.03 Y9.00
G1 X11.01 Y8.98
G1 X10.99 Y8.96
G1 X10.97 Y8.93
G1 X10.95 Y8.91
G1 X10.93 Y8.88
G1 X10.92 Y8.86
G1 X10.91 Y8.84
G1 X10.89 Y8.82
G1 X10.88 Y8.80
G1 X10.87 Y8.78
G1 X10.86 Y8.76
G1 X10.84 Y8.74
G1 X10.83 Y8.72
G1 X10.82 Y8.71
G1 X10.81 Y8.69
G1 X10.79 Y8.67
G1 X10.78 Y8.66
G1 X10.77 Y8.64
G1 X10.75 Y8.62
G1 X10.74 Y8.61
G1 X10.59 Y8.43
G1 X10.52 Y8.34
G1 X10.46 Y8.27
G1 X10.41 Y8.20
G1 X10.35 Y8.13
G1 X10.30 Y8.05
G1 X10.24 Y7.98
G1 X10.19 Y7.91
G1 X10.14 Y7.84
G1 X10.08 Y7.76
G1 X10.02 Y7.69
G1 X9.97 Y7.61
G1 X9.92 Y7.54
G1 X9.86 Y7.46
G1 X9.80 Y7.39
G1 X9.75 Y7.31
G1 X9.69 Y7.23
G1 X9.21 Y6.60
G1 X9.11 Y6.47
G1 X9.03 Y6.37
G1 X8.96 Y6.27
G1 X8.88 Y6.16
G1 X8.81 Y6.05
G1 X8.74 Y5.95
G1 X8.66 Y5.84
G1 X8.60 Y5.73
G1 X8.51 Y5.60
G1 X8.44 Y5.49
G1 X8.37 Y5.38
G1 X8.30 Y5.28
G1 X8.23 Y5.17
G1 X8.15 Y5.07
G1 X8.08 Y4.96
G1 X8.01 Y4.86
G1 X8.01 Y4.80
G1 X7.96 Y4.62
G1 X7.93 Y4.48
G1 X7.89 Y4.33
G1 X7.86 Y4.19
G1 X7.82 Y4.04
G1 X7.78 Y3.90
G1 X7.75 Y3.76
G1 X7.71 Y3.61
G1 X7.67 Y3.44
G1 X7.63 Y3.30
G1 X7.59 Y3.15
G1 X7.56 Y3.01
G1 X7.52 Y2.87
G1 X7.48 Y2.72
G1 X7.45 Y2.58
G1 X7.41 Y2.43
G1 X7.37 Y2.28
G1 X7.33 Y2.15
G1 X7.30 Y2.03
G1 X7.27 Y1.91
G1 X7.24 Y1.78
G1 X7.21 Y1.66
G1 X7.18 Y1.53
G1 X7.16 Y1.41
G1 X7.12 Y1.26
G1 X7.09 Y1.13
G1 X7.07 Y1.01
G1 X7.04 Y0.89
G1 X7.00 Y0.76
G1 X6.97 Y0.64
G1 X6.94 Y0.51
G1 X6.90 Y0.39
G1 X6.85 Y0.18
G1 X6.82 Y0.02
G1 X6.78 Y-0.15
G1 X6.74 Y-0.31
G1 X6.70 Y-0.48
G1 X6.66 Y-0.64
G1 X6.62 Y-0.80
G1 X6.58 Y-0.96
G1 X6.54 Y-1.16
G1 X6.49 Y-1.32
G1 X6.45 Y-1.48
G1 X6.41 Y-1.64
G1 X6.37 Y-1.80
G1 X6.33 Y-1.96
G1 X6.28 Y-2.12
G1 X6.24 Y-2.28
G1 X6.19 Y-2.46
G1 X6.16 Y-2.60
G1 X6.12 Y-2.75
G1 X6.08 Y-2.89
G1 X6.04 Y-3.04
G1 X6.00 Y-3.18
G1 X5.95 Y-3.32
G1 X5.91 Y-3.46
G1 X5.86 Y-3.64
G1 X5.81 Y-3.78
G1 X5.77 Y-3.93
G1 X5.72 Y-4.07
G1 X5.68 Y-4.21
G1 X5.64 Y-4.36
G1 X5.59 Y-4.50
G1 X5.55 Y-4.65
G1 X5.50 Y-4.78
G1 X5.46 Y-4.88
G1 X5.42 Y-4.98
G1 X5.38 Y-5.07
G1 X5.34 Y-5.17
G1 X5.29 Y-5.27
G1 X5.24 Y-5.36
G1 X5.19 Y-5.46
G1 X5.17 Y-5.49
G1 X5.16 Y-5.51
G1 X5.14 Y-5.53
G1 X5.13 Y-5.55
G1 X5.11 Y-5.57
G1 X5.10 Y-5.59
G1 X5.08 Y-5.61
G1 X5.07 Y-5.62
G1 X5.05 Y-5.65
G1 X5.04 Y-5.67
G1 X5.02 Y-5.69
G1 X5.01 Y-5.71
G1 X4.99 Y-5.73
G1 X4.98 Y-5.75
G1 X4.96 Y-5.77
G1 X4.95 Y-5.79
G1 X4.90 Y-5.84
G1 X4.85 Y-5.87
G1 X4.81 Y-5.90
G1 X4.76 Y-5.93
G1 X4.72 Y-5.95
G1 X4.68 Y-5.96
G1 X4.63 Y-5.97
G1 X4.59 Y-5.97
G1 X4.58 Y-5.97
G1 X4.57 Y-5.97
G1 X4.55 Y-5.97
G1 X4.54 Y-5.97
G1 X4.52 Y-5.96
G1 X4.49 Y-5.96
G1 X4.47 Y-5.96
G1 X4.44 Y-5.96
G1 X4.40 Y-5.95
G1 X4.38 Y-5.93
G1 X4.35 Y-5.91
G1 X4.32 Y-5.88
G1 X4.30 Y-5.84
G1 X4.28 Y-5.80
G1 X4.25 Y-5.75
G1 X4.23 Y-5.70
G1 X4.19 Y-5.61
G1 X4.16 Y-5.53
G1 X4.14 Y-5.46
G1 X4.12 Y-5.38
G1 X4.10 Y-5.31
G1 X4.09 Y-5.23
G1 X4.08 Y-5.15
G1 X4.08 Y-5.07
G1 X4.08 Y-5.03
G1 X4.08 Y-4.99
G1 X4.08 Y-4.96
G1 X4.08 Y-4.92
G1 X4.08 Y-4.89
G1 X4.08 Y-4.86
G1 X4.08 Y-4.83
G1 X4.08 Y-4.80
G1 X4.08 Y-4.72
G1 X4.08 Y-4.65
G1 X4.09 Y-4.58
G1 X4.09 Y-4.50
G1 X4.10 Y-4.43
G1 X4.11 Y-4.35
G1 X4.11 Y-4.27
G1 X4.12 Y-4.18
G1 X4.14 Y-4.08
G1 X4.15 Y-3.99
G1 X4.16 Y-3.90
G1 X4.18 Y-3.81
G1 X4.19 Y-3.72
G1 X4.20 Y-3.62
G1 X4.22 Y-3.52
G1 X4.23 Y-3.42
G1 X4.27 Y-3.29
G1 X4.29 Y-3.19
G1 X4.32 Y-3.09
G1 X4.35 Y-2.98
G1 X4.37 Y-2.88
G1 X4.39 Y-2.78
G1 X4.42 Y-2.67
G1 X4.44 Y-2.56
G1 X4.47 Y-2.43
G1 X4.49 Y-2.33
G1 X4.51 Y-2.22
G1 X4.53 Y-2.11
G1 X4.55 Y-2.01
G1 X4.58 Y-1.90
G1 X4.60 Y-1.79
G1 X4.62 Y-1.68
G1 X4.79 Y-1.02
G1 X4.95 Y-0.50
G1 X5.11 Y0.03
G1 X5.29 Y0.56
G1 X5.49 Y1.08
G1 X5.70 Y1.60
G1 X5.92 Y2.12
G1 X6.15 Y2.64
G1 X6.17 Y2.70
G1 X6.19 Y2.76
G1 X6.21 Y2.81
G1 X6.23 Y2.86
G1 X6.25 Y2.92
G1 X6.28 Y2.98
G1 X6.30 Y3.03
G1 X6.33 Y3.09
G1 X6.37 Y3.16
G1 X6.40 Y3.22
G1 X6.43 Y3.28
G1 X6.46 Y3.34
G1 X6.49 Y3.41
G1 X6.53 Y3.47
G1 X6.56 Y3.53
G1 X6.60 Y3.60
G1 X6.67 Y3.74
G1 X6.73 Y3.85
G1 X6.79 Y3.96
G1 X6.85 Y4.07
G1 X6.91 Y4.18
G1 X6.97 Y4.29
G1 X7.03 Y4.40
G1 X7.09 Y4.51
G1 X7.17 Y4.65
G1 X7.23 Y4.77
G1 X7.29 Y4.88
G1 X7.35 Y5.00
G1 X7.41 Y5.11
G1 X7.47 Y5.23
G1 X7.53 Y5.34
G1 X7.59 Y5.46
G1 X7.61 Y5.51
G1 X7.62 Y5.54
G1 X7.63 Y5.58
G1 X7.65 Y5.63
G1 X7.66 Y5.67
G1 X7.67 Y5.71
G1 X7.68 Y5.76
G1 X7.70 Y5.80
G1 X7.71 Y5.86
G1 X7.72 Y5.91
G1 X7.73 Y5.96
G1 X7.75 Y6.00
G1 X7.76 Y6.05
G1 X7.77 Y6.09
G1 X7.79 Y6.14
G1 X7.80 Y6.18
G1 X7.84 Y6.31
G1 X7.88 Y6.41
G1 X7.91 Y6.51
G1 X7.94 Y6.62
G1 X7.97 Y6.73
G1 X8.00 Y6.83
G1 X8.03 Y6.94
G1 X8.05 Y7.05
G1 X8.09 Y7.18
G1 X8.11 Y7.29
G1 X8.14 Y7.40
G1 X8.17 Y7.50
G1 X8.19 Y7.61
G1 X8.22 Y7.71
G1 X8.25 Y7.82
G1 X8.28 Y7.92
G1 X8.28 Y7.93
G1 X8.28 Y7.94
G1 X8.28 Y7.94
G1 X8.28 Y7.95
G1 X8.29 Y7.95
G1 X8.29 Y7.96
G1 X8.29 Y7.96
G1 X8.29 Y7.96
G1 X8.30 Y7.97
G1 X8.30 Y7.97
G1 X8.30 Y7.98
G1 X8.31 Y7.98
G1 X8.31 Y7.99
G1 X8.31 Y8.00
G1 X8.31 Y8.00
G1 X8.31 Y8.01
G1 X8.31 Y8.02
G1 X8.31 Y8.03
G1 X8.31 Y8.03
G1 X8.30 Y8.04
G1 X8.30 Y8.05
G1 X8.29 Y8.06
G1 X8.29 Y8.06
G1 X8.28 Y8.07
G1 X8.27 Y8.04
G1 X8.26 Y8.03
G1 X8.25 Y8.01
G1 X8.23 Y7.99
G1 X8.22 Y7.98
G1 X8.20 Y7.97
G1 X8.18 Y7.96
G1 X8.16 Y7.95
G1 X8.10 Y7.89
G1 X8.10 Y7.89
G1 X8.10 Y7.89
G1 X8.10 Y7.89
G1 X8.10 Y7.89
G1 X8.10 Y7.89
G1 X8.10 Y7.89
G1 X8.10 Y7.89
G1 X8.10 Y7.89
G1 X8.01 Y7.80
G1 X8.01 Y7.80
G1 X8.01 Y7.80
G1 X8.01 Y7.80
G1 X8.01 Y7.80
G1 X8.01 Y7.80
G1 X8.01 Y7.80
G1 X8.01 Y7.80
G1 X8.01 Y7.80
G1 X7.98 Y7.77
G1 X7.95 Y7.74
G1 X7.93 Y7.72
G1 X7.91 Y7.70
G1 X7.89 Y7.69
G1 X7.87 Y7.67
G1 X7.84 Y7.65
G1 X7.82 Y7.64
G1 X7.80 Y7.62
G1 X7.75 Y7.60
G1 X7.72 Y7.58
G1 X7.68 Y7.56
G1 X7.65 Y7.55
G1 X7.61 Y7.54
G1 X7.57 Y7.54
G1 X7.54 Y7.53
G1 X7.50 Y7.53
G1 X7.44 Y7.54
G1 X7.39 Y7.55
G1 X7.35 Y7.57
G1 X7.31 Y7.60
G1 X7.27 Y7.64
G1 X7.23 Y7.68
G1 X7.20 Y7.74
G1 X7.17 Y7.80
G1 X7.15 Y7.85
G1 X7.14 Y7.88
G1 X7.13 Y7.92
G1 X7.12 Y7.96
G1 X7.12 Y8.00
G1 X7.11 Y8.04
G1 X7.11 Y8.09
G1 X7.11 Y8.13
G1 X7.11 Y8.17
G1 X7.11 Y8.20
G1 X7.11 Y8.23
G1 X7.12 Y8.26
G1 X7.12 Y8.29
G1 X7.13 Y8.33
G1 X7.13 Y8.36
G1 X7.14 Y8.40
G1 X7.19 Y8.58
G1 X7.24 Y8.72
G1 X7.30 Y8.85
G1 X7.37 Y8.97
G1 X7.45 Y9.08
G1 X7.54 Y9.18
G1 X7.64 Y9.28
G1 X7.74 Y9.36
G1 X7.81 Y9.43
G1 X7.87 Y9.47
G1 X7.93 Y9.51
G1 X7.99 Y9.54
G1 X8.06 Y9.57
G1 X8.12 Y9.59
G1 X8.18 Y9.60
G1 X8.25 Y9.60
G1 X8.27 Y9.60
G1 X8.28 Y9.60
G1 X8.30 Y9.60
G1 X8.32 Y9.59
G1 X8.34 Y9.59
G1 X8.36 Y9.58
G1 X8.38 Y9.58
G1 X8.40 Y9.57
G1 X8.47 Y9.54
G1 X8.52 Y9.51
G1 X8.57 Y9.49
G1 X8.61 Y9.45
G1 X8.64 Y9.42
G1 X8.68 Y9.38
G1 X8.71 Y9.34
G1 X8.73 Y9.30
G1 X8.75 Y9.28
G1 X8.76 Y9.27
G1 X8.77 Y9.26
G1 X8.78 Y9.25
G1 X8.78 Y9.24
G1 X8.79 Y9.23
G1 X8.79 Y9.22
G1 X8.79 Y9.21
G1 X8.79 Y9.21
G1 X8.79 Y9.21
G1 X8.79 Y9.21
G1 X8.79 Y9.21
G1 X8.79 Y9.21
G1 X8.79 Y9.21
G1 X8.79 Y9.21
G1 X8.79 Y9.21
G1 X8.86 Y9.17
G1 X8.92 Y9.14
G1 X8.96 Y9.10
G1 X9.00 Y9.05
G1 X9.02 Y9.01
G1 X9.04 Y8.96
G1 X9.06 Y8.91
G1 X9.06 Y8.85
G1 X9.06 Y8.83
G1 X9.06 Y8.82
G1 X9.06 Y8.80
G1 X9.05 Y8.79
G1 X9.05 Y8.77
G1 X9.04 Y8.76
G1 X9.04 Y8.74
G1 X9.03 Y8.73
G1 X9.01 Y8.67
G1 X9.00 Y8.62
G1 X8.99 Y8.57
G1 X8.98 Y8.52
G1 X8.97 Y8.47
G1 X8.96 Y8.42
G1 X8.95 Y8.37
G1 X8.94 Y8.32
G1 X8.93 Y8.27
G1 X8.92 Y8.22
G1 X8.91 Y8.17
G1 X8.90 Y8.13
G1 X8.89 Y8.08
G1 X8.88 Y8.04
G1 X8.86 Y7.99
G1 X8.85 Y7.95
G1 X8.84 Y7.93
G1 X8.84 Y7.92
G1 X8.83 Y7.90
G1 X8.83 Y7.89
G1 X8.82 Y7.87
G1 X8.82 Y7.86
G1 X8.82 Y7.84
G1 X8.82 Y7.83
G1 X8.81 Y7.82
G1 X8.81 Y7.81
G1 X8.80 Y7.81
G1 X8.80 Y7.80
G1 X8.79 Y7.79
G1 X8.79 Y7.78
G1 X8.79 Y7.78
G1 X8.79 Y7.77
G1 X8.79 Y7.75
G1 X8.79 Y7.74
G1 X8.79 Y7.73
G1 X8.79 Y7.72
G1 X8.78 Y7.71
G1 X8.78 Y7.70
G1 X8.78 Y7.70
G1 X8.78 Y7.69
G1 X8.77 Y7.69
G1 X8.77 Y7.69
G1 X8.77 Y7.68
G1 X8.76 Y7.68
G1 X8.76 Y7.67
G1 X8.76 Y7.66
G1 X8.76 Y7.66
G1 X8.76 Y7.65
G1 X8.76 Y7.63
G1 X8.76 Y7.62
G1 X8.76 Y7.61
G1 X8.76 Y7.60
G1 X8.75 Y7.59
G1 X8.75 Y7.58
G1 X8.75 Y7.58
G1 X8.74 Y7.57
G1 X8.74 Y7.57
G1 X8.74 Y7.56
G1 X8.74 Y7.56
G1 X8.73 Y7.55
G1 X8.73 Y7.54
G1 X8.73 Y7.53
G1 X8.73 Y7.51
G1 X8.73 Y7.50
G1 X8.72 Y7.48
G1 X8.72 Y7.47
G1 X8.71 Y7.46
G1 X8.71 Y7.45
G1 X8.70 Y7.44
G1 X8.70 Y7.43
G1 X8.70 Y7.42
G1 X8.70 Y7.41
G1 X8.70 Y7.40
G1 X8.70 Y7.39
G1 X8.70 Y7.39
G1 X8.69 Y7.38
G1 X8.69 Y7.37
G1 X8.68 Y7.36
G1 X8.68 Y7.36
G1 X8.67 Y7.35
G1 X8.67 Y7.33
G1 X8.67 Y7.32
G1 X8.67 Y7.31
G1 X8.67 Y7.30
G1 X8.66 Y7.29
G1 X8.66 Y7.28
G1 X8.66 Y7.27
G1 X8.65 Y7.26
G1 X8.65 Y7.25
G1 X8.65 Y7.24
G1 X8.65 Y7.23
G1 X8.64 Y7.22
G1 X8.64 Y7.21
G1 X8.64 Y7.20
G1 X8.64 Y7.18
G1 X8.64 Y7.17
G1 X8.63 Y7.15
G1 X8.63 Y7.14
G1 X8.62 Y7.13
G1 X8.62 Y7.12
G1 X8.61 Y7.11
G1 X8.61 Y7.10
G1 X8.61 Y7.09
G1 X8.61 Y7.08
G1 X8.61 Y7.07
G1 X8.61 Y7.06
G1 X8.61 Y7.06
G1 X8.60 Y7.05
G1 X8.60 Y7.04
G1 X8.59 Y7.03
G1 X8.59 Y7.03
G1 X8.58 Y7.02
G1 X8.58 Y6.99
G1 X8.58 Y6.97
G1 X8.58 Y6.95
G1 X8.57 Y6.94
G1 X8.57 Y6.92
G1 X8.56 Y6.90
G1 X8.56 Y6.89
G1 X8.55 Y6.87
G1 X8.55 Y6.86
G1 X8.55 Y6.85
G1 X8.55 Y6.85
G1 X8.55 Y6.84
G1 X8.54 Y6.83
G1 X8.54 Y6.82
G1 X8.54 Y6.82
G1 X8.54 Y6.81
G1 X8.53 Y6.80
G1 X8.53 Y6.79
G1 X8.53 Y6.78
G1 X8.52 Y6.77
G1 X8.52 Y6.76
G1 X8.52 Y6.75
G1 X8.52 Y6.73
G1 X8.52 Y6.72
G1 X8.51 Y6.70
G1 X8.51 Y6.69
G1 X8.50 Y6.68
G1 X8.50 Y6.67
G1 X8.49 Y6.66
G1 X8.49 Y6.65
G1 X8.49 Y6.64
G1 X8.49 Y6.63
G1 X8.49 Y6.62
G1 X8.49 Y6.61
G1 X8.49 Y6.60
G1 X8.48 Y6.59
G1 X8.48 Y6.58
G1 X8.47 Y6.57
G1 X8.47 Y6.55
G1 X8.46 Y6.54
G1 X9.30 Y7.62
G1 X9.35 Y7.69
G1 X9.40 Y7.75
G1 X9.44 Y7.80
G1 X9.48 Y7.86
G1 X9.52 Y7.91
G1 X9.56 Y7.97
G1 X9.59 Y8.02
G1 X9.63 Y8.07
G1 X9.68 Y8.12
G1 X9.71 Y8.17
G1 X9.75 Y8.21
G1 X9.78 Y8.26
G1 X9.82 Y8.30
G1 X9.86 Y8.35
G1 X9.89 Y8.40
G1 X9.93 Y8.45
G1 X9.97 Y8.50
G1 X10.01 Y8.55
G1 X10.04 Y8.59
G1 X10.07 Y8.63
G1 X10.10 Y8.66
G1 X10.12 Y8.70
G1 X10.15 Y8.73
G1 X10.17 Y8.76
G1 X10.17 Y8.79
G1 X10.23 Y8.85
G1 X10.27 Y8.89
G1 X10.29 Y8.93
G1 X10.32 Y8.96
G1 X10.35 Y9.00
G1 X10.37 Y9.03
G1 X10.39 Y9.06
G1 X10.42 Y9.09
G1 X10.44 Y9.12
G1 X10.47 Y9.16
G1 X10.49 Y9.19
G1 X10.51 Y9.22
G1 X10.53 Y9.25
G1 X10.55 Y9.28
G1 X10.58 Y9.32
G1 X10.60 Y9.35
G1 X10.62 Y9.39
G1 X10.66 Y9.42
G1 X10.69 Y9.45
G1 X10.71 Y9.47
G1 X10.74 Y9.48
G1 X10.77 Y9.49
G1 X10.80 Y9.50
G1 X10.83 Y9.51
G1 X10.86 Y9.51
G1 X10.88 Y9.51
G1 X10.89 Y9.51
G1 X10.91 Y9.51
G1 X10.92 Y9.50
G1 X10.94 Y9.50
G1 X10.95 Y9.49
G1 X10.97 Y9.49
G1 X10.98 Y9.48
G1 X10.98 Y9.48
G0 Z3.00

G0 X8.19 Y8.76
G1 Z0.00 F1200
G1 X8.20 Y8.78
G1 X8.20 Y8.80
G1 X8.21 Y8.83
G1 X8.21 Y8.85
G1 X8.22 Y8.88
G1 X8.22 Y8.92
G1 X8.22 Y8.96
G1 X8.22 Y9.00
G1 X8.22 Y9.00
G1 X8.22 Y9.00
G1 X8.22 Y9.00
G1 X8.22 Y9.00
G1 X8.22 Y9.00
G1 X8.22 Y9.00
G1 X8.22 Y9.00
G1 X8.22 Y9.00
G1 X8.22 Y9.00
G1 X8.22 Y9.00
G1 X8.22 Y9.00
G1 X8.22 Y9.00
G1 X8.22 Y9.00
G1 X8.22 Y9.00
G1 X8.22 Y9.00
G1 X8.22 Y9.00
G1 X8.22 Y9.00
G1 X8.22 Y9.00
G1 X8.22 Y9.00
G1 X8.22 Y9.00
G1 X8.22 Y9.00
G1 X8.22 Y9.00
G1 X8.22 Y9.00
G1 X8.22 Y9.00
G1 X8.22 Y9.00
G1 X8.22 Y9.00
G1 X8.22 Y9.00
G1 X8.22 Y9.00
G1 X8.22 Y9.00
G1 X8.22 Y9.00
G1 X8.22 Y9.00
G1 X8.22 Y9.00
G1 X8.22 Y9.00
G1 X8.22 Y9.00
G1 X8.22 Y9.00
G1 X8.22 Y9.00
G1 X8.22 Y9.00
G1 X8.22 Y9.00
G1 X8.22 Y9.00
G1 X8.22 Y9.00
G1 X8.21 Y9.00
G1 X8.21 Y9.00
G1 X8.20 Y9.00
G1 X8.20 Y9.00
G1 X8.19 Y9.00
G1 X8.19 Y9.00
G1 X8.19 Y9.00
G1 X8.19 Y9.00
G1 X8.19 Y9.00
G1 X8.19 Y9.00
G1 X8.19 Y9.00
G1 X8.19 Y9.01
G1 X8.19 Y9.01
G1 X8.19 Y9.02
G1 X8.19 Y9.02
G1 X8.19 Y9.03
G1 X8.19 Y9.03
G1 X8.19 Y9.03
G1 X8.19 Y9.03
G1 X8.18 Y9.03
G1 X8.18 Y9.03
G1 X8.17 Y9.03
G1 X8.17 Y9.03
G1 X8.16 Y9.03
G1 X8.16 Y9.03
G1 X8.16 Y9.03
G1 X8.16 Y9.03
G1 X8.16 Y9.03
G1 X8.16 Y9.03
G1 X8.16 Y9.03
G1 X8.16 Y9.03
G1 X8.16 Y9.03
G1 X8.13 Y9.03
G1 X8.12 Y9.02
G1 X8.10 Y9.02
G1 X8.08 Y9.01
G1 X8.07 Y8.99
G1 X8.06 Y8.98
G1 X8.05 Y8.96
G1 X8.04 Y8.94
G1 X7.95 Y8.86
G1 X7.89 Y8.80
G1 X7.84 Y8.73
G1 X7.79 Y8.65
G1 X7.74 Y8.57
G1 X7.71 Y8.49
G1 X7.67 Y8.40
G1 X7.65 Y8.31
G1 X7.65 Y8.16
G1 X7.66 Y8.17
G1 X7.67 Y8.17
G1 X7.67 Y8.18
G1 X7.68 Y8.18
G1 X7.69 Y8.19
G1 X7.70 Y8.19
G1 X7.70 Y8.19
G1 X7.71 Y8.19
G1 X7.75 Y8.23
G1 X7.78 Y8.27
G1 X7.80 Y8.31
G1 X7.83 Y8.34
G1 X7.86 Y8.37
G1 X7.89 Y8.41
G1 X7.92 Y8.44
G1 X7.95 Y8.47
G1 X7.99 Y8.52
G1 X8.02 Y8.55
G1 X8.04 Y8.58
G1 X8.07 Y8.62
G1 X8.10 Y8.65
G1 X8.13 Y8.69
G1 X8.16 Y8.72
G1 X8.19 Y8.76
G1 X8.19 Y8.76
G0 Z3.00

G0 X6.96 Y2.91
G1 Z0.00 F1200
G1 X6.97 Y2.93
G1 X6.97 Y2.94
G1 X6.98 Y2.95
G1 X6.98 Y2.97
G1 X6.99 Y2.98
G1 X6.99 Y2.99
G1 X6.99 Y3.00
G1 X6.99 Y3.01
G1 X6.99 Y3.03
G1 X6.99 Y3.04
G1 X6.99 Y3.05
G1 X7.00 Y3.07
G1 X7.00 Y3.08
G1 X7.01 Y3.09
G1 X7.01 Y3.11
G1 X7.02 Y3.12
G1 X6.94 Y2.97
G1 X6.88 Y2.86
G1 X6.82 Y2.75
G1 X6.77 Y2.64
G1 X6.72 Y2.54
G1 X6.67 Y2.45
G1 X6.63 Y2.36
G1 X6.58 Y2.28
G1 X6.54 Y2.19
G1 X6.51 Y2.12
G1 X6.48 Y2.07
G1 X6.45 Y2.02
G1 X6.43 Y1.98
G1 X6.41 Y1.95
G1 X6.40 Y1.93
G1 X6.39 Y1.92
G1 X6.32 Y1.77
G1 X6.26 Y1.64
G1 X6.21 Y1.52
G1 X6.16 Y1.40
G1 X6.11 Y1.27
G1 X6.06 Y1.15
G1 X6.01 Y1.02
G1 X5.97 Y0.90
G1 X5.92 Y0.75
G1 X5.87 Y0.62
G1 X5.83 Y0.50
G1 X5.79 Y0.38
G1 X5.75 Y0.25
G1 X5.71 Y0.13
G1 X5.68 Y0.00
G1 X5.64 Y-0.12
G1 X5.58 Y-0.32
G1 X5.53 Y-0.48
G1 X5.48 Y-0.64
G1 X5.44 Y-0.80
G1 X5.39 Y-0.96
G1 X5.35 Y-1.12
G1 X5.31 Y-1.28
G1 X5.27 Y-1.44
G1 X5.22 Y-1.64
G1 X5.18 Y-1.80
G1 X5.14 Y-1.96
G1 X5.10 Y-2.12
G1 X5.06 Y-2.28
G1 X5.02 Y-2.44
G1 X4.99 Y-2.60
G1 X4.95 Y-2.76
G1 X4.92 Y-2.89
G1 X4.89 Y-2.99
G1 X4.86 Y-3.09
G1 X4.84 Y-3.20
G1 X4.82 Y-3.30
G1 X4.80 Y-3.40
G1 X4.79 Y-3.51
G1 X4.77 Y-3.61
G1 X4.75 Y-3.75
G1 X4.74 Y-3.85
G1 X4.72 Y-3.95
G1 X4.71 Y-4.06
G1 X4.69 Y-4.16
G1 X4.68 Y-4.27
G1 X4.66 Y-4.37
G1 X4.65 Y-4.47
G1 X4.64 Y-4.51
G1 X4.64 Y-4.55
G1 X4.63 Y-4.58
G1 X4.63 Y-4.62
G1 X4.62 Y-4.65
G1 X4.62 Y-4.68
G1 X4.62 Y-4.71
G1 X4.62 Y-4.74
G1 X4.62 Y-4.76
G1 X4.62 Y-4.78
G1 X4.62 Y-4.80
G1 X4.62 Y-4.82
G1 X4.63 Y-4.85
G1 X4.63 Y-4.87
G1 X4.63 Y-4.90
G1 X4.63 Y-4.93
G1 X4.64 Y-4.98
G1 X4.64 Y-5.01
G1 X4.64 Y-5.05
G1 X4.65 Y-5.09
G1 X4.65 Y-5.14
G1 X4.65 Y-5.18
G1 X4.65 Y-5.23
G1 X4.65 Y-5.28
G1 X4.68 Y-5.28
G1 X4.70 Y-5.26
G1 X4.71 Y-5.25
G1 X4.72 Y-5.23
G1 X4.73 Y-5.22
G1 X4.74 Y-5.20
G1 X4.75 Y-5.19
G1 X4.76 Y-5.17
G1 X4.77 Y-5.16
G1 X4.79 Y-5.12
G1 X4.80 Y-5.08
G1 X4.82 Y-5.05
G1 X4.83 Y-5.01
G1 X4.85 Y-4.98
G1 X4.86 Y-4.95
G1 X4.88 Y-4.92
G1 X4.89 Y-4.89
G1 X4.91 Y-4.85
G1 X4.92 Y-4.82
G1 X4.93 Y-4.80
G1 X4.94 Y-4.77
G1 X4.95 Y-4.74
G1 X4.96 Y-4.71
G1 X4.97 Y-4.68
G1 X4.98 Y-4.65
G1 X5.10 Y-4.27
G1 X5.20 Y-3.97
G1 X5.29 Y-3.67
G1 X5.38 Y-3.37
G1 X5.47 Y-3.07
G1 X5.55 Y-2.78
G1 X5.63 Y-2.48
G1 X5.70 Y-2.19
G1 X5.75 Y-1.98
G1 X5.80 Y-1.82
G1 X5.84 Y-1.65
G1 X5.88 Y-1.48
G1 X5.92 Y-1.32
G1 X5.96 Y-1.15
G1 X6.00 Y-0.99
G1 X6.04 Y-0.82
G1 X6.09 Y-0.62
G1 X6.14 Y-0.46
G1 X6.18 Y-0.29
G1 X6.22 Y-0.13
G1 X6.26 Y0.04
G1 X6.30 Y0.21
G1 X6.35 Y0.37
G1 X6.39 Y0.54
G1 X6.43 Y0.69
G1 X6.46 Y0.82
G1 X6.48 Y0.94
G1 X6.51 Y1.06
G1 X6.54 Y1.18
G1 X6.57 Y1.30
G1 X6.60 Y1.42
G1 X6.63 Y1.54
G1 X6.67 Y1.69
G1 X6.70 Y1.81
G1 X6.72 Y1.94
G1 X6.75 Y2.06
G1 X6.78 Y2.18
G1 X6.81 Y2.30
G1 X6.84 Y2.43
G1 X6.87 Y2.55
G1 X6.96 Y2.91
G0 Z3.00

G0 X14.34 Y9.51
G1 Z0.00 F1200
G1 X14.38 Y9.50
G1 X14.41 Y9.49
G1 X14.44 Y9.47
G1 X14.47 Y9.46
G1 X14.49 Y9.44
G1 X14.52 Y9.42
G1 X14.53 Y9.40
G1 X14.55 Y9.38
G1 X14.57 Y9.34
G1 X14.58 Y9.32
G1 X14.59 Y9.30
G1 X14.60 Y9.28
G1 X14.60 Y9.26
G1 X14.61 Y9.24
G1 X14.61 Y9.23
G1 X14.61 Y9.21
G1 X14.61 Y9.19
G1 X14.61 Y9.18
G1 X14.60 Y9.16
G1 X14.59 Y9.14
G1 X14.59 Y9.12
G1 X14.58 Y9.10
G1 X14.56 Y9.08
G1 X14.55 Y9.06
G1 X14.53 Y9.03
G1 X14.52 Y9.01
G1 X14.50 Y8.99
G1 X14.49 Y8.97
G1 X14.47 Y8.95
G1 X14.46 Y8.93
G1 X14.44 Y8.91
G1 X14.43 Y8.89
G1 X14.41 Y8.87
G1 X14.40 Y8.86
G1 X14.38 Y8.84
G1 X14.37 Y8.82
G1 X14.35 Y8.81
G1 X14.34 Y8.79
G1 X14.32 Y8.77
G1 X14.31 Y8.76
G1 X14.23 Y8.66
G1 X14.16 Y8.58
G1 X14.10 Y8.50
G1 X14.03 Y8.42
G1 X13.97 Y8.34
G1 X13.90 Y8.26
G1 X13.84 Y8.18
G1 X13.77 Y8.10
G1 X13.69 Y8.00
G1 X13.62 Y7.92
G1 X13.56 Y7.84
G1 X13.49 Y7.76
G1 X13.43 Y7.68
G1 X13.36 Y7.60
G1 X13.30 Y7.52
G1 X13.23 Y7.44
G1 X13.18 Y7.39
G1 X13.15 Y7.35
G1 X13.11 Y7.31
G1 X13.08 Y7.28
G1 X13.04 Y7.25
G1 X13.00 Y7.22
G1 X12.97 Y7.19
G1 X12.93 Y7.17
G1 X12.88 Y7.15
G1 X12.83 Y7.13
G1 X12.79 Y7.11
G1 X12.75 Y7.10
G1 X12.71 Y7.09
G1 X12.67 Y7.09
G1 X12.64 Y7.08
G1 X12.60 Y7.08
G1 X12.53 Y7.09
G1 X12.48 Y7.11
G1 X12.43 Y7.14
G1 X12.38 Y7.18
G1 X12.33 Y7.23
G1 X12.29 Y7.29
G1 X12.25 Y7.36
G1 X12.21 Y7.44
G1 X12.19 Y7.48
G1 X12.18 Y7.50
G1 X12.17 Y7.53
G1 X12.16 Y7.56
G1 X12.16 Y7.58
G1 X12.15 Y7.60
G1 X12.15 Y7.63
G1 X12.15 Y7.65
G1 X12.15 Y7.68
G1 X12.15 Y7.70
G1 X12.15 Y7.73
G1 X12.14 Y7.75
G1 X12.14 Y7.78
G1 X12.13 Y7.80
G1 X12.13 Y7.83
G1 X12.12 Y7.86
G1 X12.12 Y8.04
G1 X12.06 Y7.97
G1 X12.01 Y7.91
G1 X11.96 Y7.86
G1 X11.90 Y7.80
G1 X11.85 Y7.75
G1 X11.80 Y7.69
G1 X11.75 Y7.64
G1 X11.70 Y7.59
G1 X11.65 Y7.54
G1 X11.60 Y7.50
G1 X11.56 Y7.46
G1 X11.51 Y7.42
G1 X11.47 Y7.38
G1 X11.42 Y7.34
G1 X11.37 Y7.31
G1 X11.32 Y7.27
G1 X11.27 Y7.24
G1 X11.22 Y7.21
G1 X11.18 Y7.19
G1 X11.14 Y7.17
G1 X11.11 Y7.16
G1 X11.07 Y7.15
G1 X11.04 Y7.14
G1 X11.01 Y7.14
G1 X11.00 Y7.14
G1 X10.99 Y7.14
G1 X10.99 Y7.14
G1 X10.98 Y7.14
G1 X10.97 Y7.14
G1 X10.96 Y7.14
G1 X10.96 Y7.14
G1 X10.95 Y7.14
G1 X10.86 Y7.17
G1 X10.80 Y7.20
G1 X10.75 Y7.24
G1 X10.70 Y7.28
G1 X10.65 Y7.33
G1 X10.62 Y7.38
G1 X10.58 Y7.44
G1 X10.56 Y7.50
G1 X10.54 Y7.58
G1 X10.52 Y7.65
G1 X10.50 Y7.71
G1 X10.49 Y7.78
G1 X10.48 Y7.84
G1 X10.48 Y7.91
G1 X10.47 Y7.97
G1 X10.47 Y8.04
G1 X10.46 Y8.09
G1 X10.46 Y8.14
G1 X10.45 Y8.18
G1 X10.45 Y8.22
G1 X10.44 Y8.26
G1 X10.44 Y8.30
G1 X10.44 Y8.33
G1 X10.44 Y8.37
G1 X10.44 Y8.43
G1 X10.44 Y8.49
G1 X10.45 Y8.54
G1 X10.46 Y8.60
G1 X10.46 Y8.66
G1 X10.47 Y8.72
G1 X10.49 Y8.79
G1 X10.50 Y8.85
G1 X10.52 Y8.93
G1 X10.54 Y9.00
G1 X10.56 Y9.08
G1 X10.58 Y9.15
G1 X10.60 Y9.23
G1 X10.63 Y9.31
G1 X10.65 Y9.39
G1 X10.68 Y9.48
G1 X10.69 Y9.49
G1 X10.69 Y9.50
G1 X10.70 Y9.51
G1 X10.70 Y9.52
G1 X10.71 Y9.53
G1 X10.71 Y9.54
G1 X10.71 Y9.56
G1 X10.71 Y9.57
G1 X10.74 Y9.61
G1 X10.76 Y9.64
G1 X10.79 Y9.66
G1 X10.82 Y9.68
G1 X10.85 Y9.70
G1 X10.88 Y9.71
G1 X10.91 Y9.72
G1 X10.95 Y9.72
G1 X10.98 Y9.72
G1 X11.00 Y9.72
G1 X11.02 Y9.72
G1 X11.03 Y9.71
G1 X11.05 Y9.71
G1 X11.07 Y9.70
G1 X11.08 Y9.70
G1 X11.10 Y9.69
G1 X11.14 Y9.65
G1 X11.17 Y9.62
G1 X11.19 Y9.59
G1 X11.21 Y9.55
G1 X11.23 Y9.51
G1 X11.24 Y9.47
G1 X11.25 Y9.43
G1 X11.25 Y9.39
G1 X11.25 Y9.38
G1 X11.25 Y9.37
G1 X11.25 Y9.36
G1 X11.25 Y9.35
G1 X11.25 Y9.34
G1 X11.25 Y9.33
G1 X11.25 Y9.31
G1 X11.25 Y9.30
G1 X11.23 Y9.26
G1 X11.22 Y9.22
G1 X11.21 Y9.19
G1 X11.20 Y9.15
G1 X11.19 Y9.12
G1 X11.18 Y9.09
G1 X11.18 Y9.06
G1 X11.17 Y9.03
G1 X11.17 Y8.99
G1 X11.16 Y8.96
G1 X11.16 Y8.93
G1 X11.15 Y8.90
G1 X11.14 Y8.87
G1 X11.13 Y8.83
G1 X11.11 Y8.80
G1 X11.10 Y8.76
G1 X11.09 Y8.72
G1 X11.08 Y8.69
G1 X11.08 Y8.65
G1 X11.07 Y8.61
G1 X11.07 Y8.56
G1 X11.06 Y8.52
G1 X11.06 Y8.47
G1 X11.05 Y8.41
G1 X11.05 Y8.35
G1 X11.05 Y8.30
G1 X11.05 Y8.26
G1 X11.04 Y8.22
G1 X11.04 Y8.18
G1 X11.04 Y8.15
G1 X11.04 Y8.12
G1 X11.04 Y8.10
G1 X11.04 Y8.04
G1 X11.04 Y7.99
G1 X11.04 Y7.94
G1 X11.05 Y7.90
G1 X11.05 Y7.86
G1 X11.06 Y7.82
G1 X11.06 Y7.78
G1 X11.07 Y7.74
G1 X11.22 Y7.89
G1 X11.25 Y7.92
G1 X11.28 Y7.96
G1 X11.31 Y8.00
G1 X11.35 Y8.05
G1 X11.40 Y8.10
G1 X11.44 Y8.16
G1 X11.49 Y8.23
G1 X11.55 Y8.31
G1 X11.59 Y8.36
G1 X11.61 Y8.39
G1 X11.64 Y8.43
G1 X11.67 Y8.47
G1 X11.70 Y8.51
G1 X11.72 Y8.55
G1 X11.75 Y8.59
G1 X11.78 Y8.62
G1 X11.81 Y8.67
G1 X11.84 Y8.71
G1 X11.86 Y8.75
G1 X11.89 Y8.79
G1 X11.93 Y8.83
G1 X11.96 Y8.87
G1 X11.99 Y8.90
G1 X12.03 Y8.94
G1 X12.04 Y8.96
G1 X12.05 Y8.98
G1 X12.07 Y9.00
G1 X12.08 Y9.02
G1 X12.10 Y9.04
G1 X12.13 Y9.07
G1 X12.15 Y9.09
G1 X12.18 Y9.12
G1 X12.21 Y9.14
G1 X12.23 Y9.15
G1 X12.26 Y9.16
G1 X12.28 Y9.17
G1 X12.31 Y9.17
G1 X12.33 Y9.18
G1 X12.36 Y9.18
G1 X12.39 Y9.18
G1 X12.41 Y9.18
G1 X12.42 Y9.18
G1 X12.44 Y9.18
G1 X12.45 Y9.17
G1 X12.47 Y9.17
G1 X12.48 Y9.16
G1 X12.50 Y9.16
G1 X12.51 Y9.15
G1 X12.56 Y9.12
G1 X12.59 Y9.09
G1 X12.62 Y9.06
G1 X12.65 Y9.03
G1 X12.67 Y8.99
G1 X12.68 Y8.94
G1 X12.69 Y8.90
G1 X12.69 Y8.85
G1 X12.72 Y7.74
G1 X12.74 Y7.77
G1 X12.75 Y7.79
G1 X12.77 Y7.81
G1 X12.78 Y7.83
G1 X12.80 Y7.85
G1 X12.81 Y7.87
G1 X12.83 Y7.89
G1 X12.84 Y7.90
G1 X12.86 Y7.93
G1 X12.87 Y7.94
G1 X12.89 Y7.96
G1 X12.90 Y7.98
G1 X12.92 Y7.99
G1 X12.93 Y8.01
G1 X12.95 Y8.03
G1 X12.96 Y8.04
G1 X13.00 Y8.08
G1 X13.02 Y8.11
G1 X13.05 Y8.14
G1 X13.08 Y8.17
G1 X13.10 Y8.20
G1 X13.12 Y8.24
G1 X13.15 Y8.27
G1 X13.17 Y8.31
G1 X13.20 Y8.31
G1 X13.24 Y8.37
G1 X13.28 Y8.42
G1 X13.32 Y8.47
G1 X13.35 Y8.52
G1 X13.39 Y8.56
G1 X13.43 Y8.61
G1 X13.46 Y8.66
G1 X13.50 Y8.70
G1 X13.58 Y8.80
G1 X13.65 Y8.88
G1 X13.71 Y8.96
G1 X13.78 Y9.04
G1 X13.84 Y9.12
G1 X13.91 Y9.20
G1 X13.97 Y9.28
G1 X14.04 Y9.36
G1 X14.07 Y9.40
G1 X14.10 Y9.43
G1 X14.13 Y9.45
G1 X14.16 Y9.47
G1 X14.20 Y9.49
G1 X14.25 Y9.50
G1 X14.29 Y9.51
G1 X14.34 Y9.51
G1 X14.34 Y9.51
G0 Z3.00

G0 X15.66 Y8.91
G1 Z0.00 F1200
G1 X15.70 Y8.88
G1 X15.73 Y8.85
G1 X15.75 Y8.83
G1 X15.77 Y8.79
G1 X15.79 Y8.76
G1 X15.80 Y8.72
G1 X15.81 Y8.68
G1 X15.81 Y8.64
G1 X15.81 Y8.62
G1 X15.81 Y8.61
G1 X15.81 Y8.59
G1 X15.80 Y8.57
G1 X15.80 Y8.55
G1 X15.79 Y8.53
G1 X15.79 Y8.51
G1 X15.78 Y8.49
G1 X15.76 Y8.42
G1 X15.75 Y8.36
G1 X15.74 Y8.31
G1 X15.72 Y8.25
G1 X15.71 Y8.20
G1 X15.70 Y8.14
G1 X15.69 Y8.09
G1 X15.67 Y8.04
G1 X15.66 Y7.98
G1 X15.65 Y7.92
G1 X15.64 Y7.87
G1 X15.62 Y7.82
G1 X15.61 Y7.76
G1 X15.60 Y7.70
G1 X15.58 Y7.65
G1 X15.57 Y7.59
G1 X15.47 Y7.24
G1 X15.39 Y6.95
G1 X15.32 Y6.67
G1 X15.24 Y6.39
G1 X15.16 Y6.10
G1 X15.09 Y5.82
G1 X15.01 Y5.53
G1 X14.94 Y5.25
G1 X14.85 Y4.90
G1 X14.77 Y4.62
G1 X14.70 Y4.34
G1 X14.62 Y4.05
G1 X14.55 Y3.77
G1 X14.47 Y3.50
G1 X14.39 Y3.22
G1 X14.31 Y2.94
G1 X14.22 Y2.60
G1 X14.15 Y2.32
G1 X14.08 Y2.05
G1 X14.01 Y1.78
G1 X13.93 Y1.51
G1 X13.86 Y1.24
G1 X13.79 Y0.97
G1 X13.72 Y0.70
G1 X13.64 Y0.38
G1 X13.57 Y0.11
G1 X13.50 Y-0.16
G1 X13.44 Y-0.43
G1 X13.37 Y-0.69
G1 X13.30 Y-0.96
G1 X13.24 Y-1.23
G1 X13.17 Y-1.50
G1 X13.11 Y-1.72
G1 X13.06 Y-1.89
G1 X13.01 Y-2.07
G1 X12.96 Y-2.24
G1 X12.92 Y-2.42
G1 X12.87 Y-2.59
G1 X12.82 Y-2.77
G1 X12.78 Y-2.94
G1 X12.73 Y-3.16
G1 X12.68 Y-3.33
G1 X12.64 Y-3.51
G1 X12.59 Y-3.68
G1 X12.55 Y-3.86
G1 X12.51 Y-4.03
G1 X12.46 Y-4.21
G1 X12.42 Y-4.38
G1 X12.39 Y-4.50
G1 X12.37 Y-4.59
G1 X12.35 Y-4.68
G1 X12.33 Y-4.78
G1 X12.31 Y-4.87
G1 X12.28 Y-4.96
G1 X12.26 Y-5.05
G1 X12.24 Y-5.14
G1 X12.21 Y-5.26
G1 X12.19 Y-5.35
G1 X12.16 Y-5.44
G1 X12.14 Y-5.53
G1 X12.11 Y-5.63
G1 X12.09 Y-5.72
G1 X12.06 Y-5.82
G1 X12.03 Y-5.91
G1 X12.03 Y-5.93
G1 X12.03 Y-5.95
G1 X12.02 Y-5.97
G1 X12.01 Y-5.99
G1 X12.01 Y-6.01
G1 X12.00 Y-6.04
G1 X11.98 Y-6.06
G1 X11.97 Y-6.09
G1 X11.94 Y-6.15
G1 X11.91 Y-6.19
G1 X11.88 Y-6.22
G1 X11.85 Y-6.25
G1 X11.81 Y-6.27
G1 X11.76 Y-6.29
G1 X11.72 Y-6.30
G1 X11.67 Y-6.30
G1 X11.61 Y-6.29
G1 X11.57 Y-6.27
G1 X11.54 Y-6.24
G1 X11.51 Y-6.21
G1 X11.49 Y-6.16
G1 X11.47 Y-6.12
G1 X11.46 Y-6.06
G1 X11.46 Y-6.00
G1 X11.47 Y-5.96
G1 X11.48 Y-5.92
G1 X11.48 Y-5.89
G1 X11.49 Y-5.86
G1 X11.50 Y-5.83
G1 X11.51 Y-5.80
G1 X11.51 Y-5.77
G1 X11.52 Y-5.75
G1 X11.53 Y-5.71
G1 X11.54 Y-5.69
G1 X11.54 Y-5.66
G1 X11.55 Y-5.63
G1 X11.56 Y-5.61
G1 X11.57 Y-5.58
G1 X11.57 Y-5.55
G1 X11.58 Y-5.52
G1 X11.68 Y-5.14
G1 X11.76 Y-4.84
G1 X11.84 Y-4.54
G1 X11.92 Y-4.24
G1 X11.99 Y-3.94
G1 X12.07 Y-3.64
G1 X12.15 Y-3.34
G1 X12.22 Y-3.04
G1 X12.32 Y-2.68
G1 X12.40 Y-2.38
G1 X12.47 Y-2.08
G1 X12.55 Y-1.78
G1 X12.63 Y-1.48
G1 X12.71 Y-1.18
G1 X12.79 Y-0.88
G1 X12.87 Y-0.57
G1 X13.00 Y-0.06
G1 X13.10 Y0.35
G1 X13.20 Y0.77
G1 X13.31 Y1.18
G1 X13.41 Y1.59
G1 X13.51 Y1.99
G1 X13.62 Y2.40
G1 X13.72 Y2.80
G1 X13.86 Y3.30
G1 X13.96 Y3.71
G1 X14.07 Y4.12
G1 X14.18 Y4.52
G1 X14.28 Y4.93
G1 X14.39 Y5.33
G1 X14.50 Y5.74
G1 X14.61 Y6.15
G1 X14.65 Y6.29
G1 X14.68 Y6.41
G1 X14.71 Y6.52
G1 X14.74 Y6.64
G1 X14.77 Y6.75
G1 X14.80 Y6.86
G1 X14.83 Y6.97
G1 X14.86 Y7.08
G1 X14.91 Y7.22
G1 X14.94 Y7.33
G1 X14.97 Y7.44
G1 X15.01 Y7.55
G1 X15.04 Y7.66
G1 X15.08 Y7.78
G1 X15.11 Y7.89
G1 X15.15 Y8.01
G1 X15.15 Y8.07
G1 X15.12 Y8.04
G1 X15.10 Y8.01
G1 X15.07 Y7.99
G1 X15.05 Y7.95
G1 X15.02 Y7.92
G1 X15.00 Y7.88
G1 X14.97 Y7.84
G1 X14.94 Y7.80
G1 X14.90 Y7.75
G1 X14.86 Y7.72
G1 X14.83 Y7.68
G1 X14.79 Y7.65
G1 X14.76 Y7.61
G1 X14.73 Y7.57
G1 X14.70 Y7.54
G1 X14.67 Y7.50
G1 X14.63 Y7.45
G1 X14.60 Y7.42
G1 X14.57 Y7.38
G1 X14.54 Y7.35
G1 X14.51 Y7.31
G1 X14.47 Y7.27
G1 X14.44 Y7.24
G1 X14.40 Y7.20
G1 X14.38 Y7.18
G1 X14.37 Y7.17
G1 X14.35 Y7.16
G1 X14.34 Y7.15
G1 X14.32 Y7.14
G1 X14.31 Y7.13
G1 X14.29 Y7.12
G1 X14.28 Y7.11
G1 X14.28 Y7.11
G1 X14.28 Y7.11
G1 X14.28 Y7.11
G1 X14.27 Y7.11
G1 X14.27 Y7.11
G1 X14.26 Y7.11
G1 X14.26 Y7.11
G1 X14.25 Y7.11
G1 X14.25 Y7.10
G1 X14.25 Y7.10
G1 X14.25 Y7.09
G1 X14.24 Y7.09
G1 X14.24 Y7.08
G1 X14.23 Y7.08
G1 X14.23 Y7.08
G1 X14.22 Y7.08
G1 X14.21 Y7.08
G1 X14.20 Y7.08
G1 X14.20 Y7.08
G1 X14.19 Y7.07
G1 X14.18 Y7.07
G1 X14.17 Y7.06
G1 X14.17 Y7.06
G1 X14.16 Y7.05
G1 X14.12 Y7.03
G1 X14.08 Y7.01
G1 X14.05 Y6.99
G1 X14.01 Y6.98
G1 X13.98 Y6.97
G1 X13.95 Y6.97
G1 X13.92 Y6.96
G1 X13.89 Y6.96
G1 X13.85 Y6.96
G1 X13.83 Y6.96
G1 X13.80 Y6.97
G1 X13.77 Y6.98
G1 X13.75 Y6.98
G1 X13.73 Y6.99
G1 X13.70 Y7.01
G1 X13.68 Y7.02
G1 X13.68 Y7.05
G1 X13.65 Y7.05
G1 X13.63 Y7.08
G1 X13.61 Y7.11
G1 X13.59 Y7.13
G1 X13.58 Y7.17
G1 X13.57 Y7.20
G1 X13.57 Y7.24
G1 X13.56 Y7.28
G1 X13.56 Y7.32
G1 X13.56 Y7.33
G1 X13.56 Y7.34
G1 X13.56 Y7.36
G1 X13.56 Y7.37
G1 X13.57 Y7.39
G1 X13.57 Y7.42
G1 X13.57 Y7.44
G1 X13.57 Y7.47
G1 X13.58 Y7.51
G1 X13.59 Y7.54
G1 X13.59 Y7.57
G1 X13.60 Y7.60
G1 X13.61 Y7.63
G1 X13.62 Y7.67
G1 X13.64 Y7.70
G1 X13.65 Y7.74
G1 X14.10 Y9.39
G1 X14.12 Y9.44
G1 X14.14 Y9.47
G1 X14.16 Y9.50
G1 X14.19 Y9.53
G1 X14.21 Y9.55
G1 X14.24 Y9.56
G1 X14.27 Y9.57
G1 X14.31 Y9.57
G1 X14.33 Y9.57
G1 X14.34 Y9.57
G1 X14.35 Y9.57
G1 X14.36 Y9.57
G1 X14.37 Y9.57
G1 X14.38 Y9.57
G1 X14.39 Y9.57
G1 X14.40 Y9.57
G1 X14.46 Y9.57
G1 X14.50 Y9.56
G1 X14.53 Y9.54
G1 X14.56 Y9.52
G1 X14.58 Y9.50
G1 X14.60 Y9.47
G1 X14.61 Y9.43
G1 X14.61 Y9.39
G1 X14.61 Y9.38
G1 X14.61 Y9.37
G1 X14.61 Y9.36
G1 X14.61 Y9.35
G1 X14.61 Y9.34
G1 X14.61 Y9.33
G1 X14.61 Y9.31
G1 X14.61 Y9.30
G1 X14.61 Y9.27
G1 X14.61 Y9.24
G1 X14.61 Y9.21
G1 X14.60 Y9.19
G1 X14.60 Y9.17
G1 X14.59 Y9.15
G1 X14.59 Y9.14
G1 X14.58 Y9.12
G1 X14.52 Y8.94
G1 X14.50 Y8.90
G1 X14.49 Y8.86
G1 X14.48 Y8.82
G1 X14.47 Y8.79
G1 X14.46 Y8.76
G1 X14.45 Y8.72
G1 X14.44 Y8.69
G1 X14.43 Y8.65
G1 X14.42 Y8.61
G1 X14.41 Y8.58
G1 X14.40 Y8.55
G1 X14.39 Y8.51
G1 X14.38 Y8.48
G1 X14.37 Y8.44
G1 X14.35 Y8.41
G1 X14.34 Y8.37
G1 X14.32 Y8.32
G1 X14.31 Y8.27
G1 X14.30 Y8.23
G1 X14.28 Y8.18
G1 X14.27 Y8.14
G1 X14.26 Y8.10
G1 X14.25 Y8.05
G1 X14.23 Y8.01
G1 X14.22 Y7.96
G1 X14.21 Y7.91
G1 X14.20 Y7.87
G1 X14.18 Y7.83
G1 X14.17 Y7.79
G1 X14.16 Y7.75
G1 X14.14 Y7.72
G1 X14.13 Y7.68
G1 X15.27 Y8.88
G1 X15.31 Y8.90
G1 X15.34 Y8.91
G1 X15.36 Y8.92
G1 X15.39 Y8.93
G1 X15.42 Y8.93
G1 X15.45 Y8.94
G1 X15.48 Y8.94
G1 X15.51 Y8.94
G1 X15.54 Y8.94
G1 X15.56 Y8.94
G1 X15.58 Y8.94
G1 X15.59 Y8.93
G1 X15.61 Y8.93
G1 X15.63 Y8.92
G1 X15.64 Y8.92
G1 X15.66 Y8.91
G1 X15.66 Y8.91
G0 Z3.00

G0 X19.41 Y9.36
G1 Z0.00 F1200
G1 X19.42 Y9.34
G1 X19.42 Y9.33
G1 X19.43 Y9.31
G1 X19.43 Y9.30
G1 X19.44 Y9.28
G1 X19.44 Y9.27
G1 X19.44 Y9.25
G1 X19.44 Y9.24
G1 X19.44 Y9.21
G1 X19.43 Y9.19
G1 X19.43 Y9.17
G1 X19.42 Y9.15
G1 X19.40 Y9.13
G1 X19.39 Y9.10
G1 X19.37 Y9.08
G1 X19.35 Y9.06
G1 X19.31 Y9.02
G1 X19.28 Y8.98
G1 X19.26 Y8.95
G1 X19.23 Y8.92
G1 X19.20 Y8.89
G1 X19.17 Y8.86
G1 X19.14 Y8.83
G1 X19.11 Y8.80
G1 X19.07 Y8.77
G1 X19.04 Y8.75
G1 X19.02 Y8.72
G1 X18.99 Y8.69
G1 X18.96 Y8.67
G1 X18.93 Y8.64
G1 X18.90 Y8.61
G1 X18.87 Y8.58
G1 X18.21 Y7.92
G1 X18.19 Y7.91
G1 X18.17 Y7.90
G1 X18.15 Y7.88
G1 X18.13 Y7.87
G1 X18.10 Y7.85
G1 X18.08 Y7.82
G1 X18.05 Y7.80
G1 X18.02 Y7.77
G1 X17.97 Y7.73
G1 X17.94 Y7.71
G1 X17.90 Y7.68
G1 X17.86 Y7.65
G1 X17.82 Y7.62
G1 X17.78 Y7.60
G1 X17.73 Y7.57
G1 X17.68 Y7.54
G1 X17.63 Y7.51
G1 X17.58 Y7.49
G1 X17.53 Y7.46
G1 X17.48 Y7.44
G1 X17.42 Y7.42
G1 X17.37 Y7.39
G1 X17.32 Y7.37
G1 X17.27 Y7.35
G1 X17.20 Y7.33
G1 X17.14 Y7.31
G1 X17.09 Y7.29
G1 X17.03 Y7.28
G1 X16.97 Y7.27
G1 X16.92 Y7.27
G1 X16.86 Y7.26
G1 X16.80 Y7.26
G1 X16.76 Y7.26
G1 X16.73 Y7.26
G1 X16.70 Y7.27
G1 X16.66 Y7.28
G1 X16.62 Y7.28
G1 X16.58 Y7.29
G1 X16.54 Y7.31
G1 X16.50 Y7.32
G1 X16.41 Y7.37
G1 X16.34 Y7.41
G1 X16.27 Y7.46
G1 X16.22 Y7.51
G1 X16.17 Y7.56
G1 X16.12 Y7.62
G1 X16.08 Y7.68
G1 X16.05 Y7.74
G1 X16.03 Y7.79
G1 X16.01 Y7.84
G1 X15.99 Y7.89
G1 X15.98 Y7.93
G1 X15.97 Y7.98
G1 X15.97 Y8.03
G1 X15.96 Y8.08
G1 X15.96 Y8.13
G1 X15.96 Y8.15
G1 X15.96 Y8.17
G1 X15.96 Y8.19
G1 X15.96 Y8.22
G1 X15.97 Y8.25
G1 X15.97 Y8.28
G1 X15.97 Y8.32
G1 X15.97 Y8.36
G1 X15.98 Y8.41
G1 X15.99 Y8.45
G1 X16.00 Y8.50
G1 X16.01 Y8.54
G1 X16.02 Y8.60
G1 X16.04 Y8.65
G1 X16.06 Y8.70
G1 X16.08 Y8.76
G1 X16.11 Y8.87
G1 X16.14 Y8.97
G1 X16.18 Y9.05
G1 X16.22 Y9.14
G1 X16.27 Y9.22
G1 X16.32 Y9.30
G1 X16.38 Y9.38
G1 X16.44 Y9.45
G1 X16.47 Y9.49
G1 X16.49 Y9.53
G1 X16.52 Y9.56
G1 X16.55 Y9.59
G1 X16.58 Y9.62
G1 X16.61 Y9.64
G1 X16.64 Y9.67
G1 X16.68 Y9.69
G1 X16.74 Y9.72
G1 X16.79 Y9.75
G1 X16.84 Y9.77
G1 X16.90 Y9.78
G1 X16.95 Y9.79
G1 X17.00 Y9.80
G1 X17.05 Y9.81
G1 X17.10 Y9.81
G1 X17.18 Y9.81
G1 X17.25 Y9.80
G1 X17.31 Y9.78
G1 X17.38 Y9.76
G1 X17.44 Y9.74
G1 X17.51 Y9.71
G1 X17.57 Y9.67
G1 X17.64 Y9.63
G1 X17.71 Y9.57
G1 X17.75 Y9.52
G1 X17.79 Y9.47
G1 X17.82 Y9.41
G1 X17.85 Y9.36
G1 X17.87 Y9.31
G1 X17.88 Y9.26
G1 X17.88 Y9.21
G1 X17.88 Y9.16
G1 X17.87 Y9.11
G1 X17.86 Y9.07
G1 X17.84 Y9.02
G1 X17.82 Y8.98
G1 X17.79 Y8.94
G1 X17.76 Y8.89
G1 X17.73 Y8.85
G1 X17.68 Y8.80
G1 X17.64 Y8.76
G1 X17.60 Y8.72
G1 X17.55 Y8.69
G1 X17.50 Y8.66
G1 X17.45 Y8.63
G1 X17.40 Y8.60
G1 X17.34 Y8.58
G1 X17.30 Y8.56
G1 X17.27 Y8.55
G1 X17.25 Y8.54
G1 X17.22 Y8.53
G1 X17.19 Y8.53
G1 X17.16 Y8.52
G1 X17.13 Y8.52
G1 X17.10 Y8.52
G1 X17.04 Y8.52
G1 X16.99 Y8.54
G1 X16.93 Y8.55
G1 X16.88 Y8.58
G1 X16.83 Y8.60
G1 X16.78 Y8.64
G1 X16.73 Y8.68
G1 X16.68 Y8.73
G1 X16.65 Y8.76
G1 X16.62 Y8.70
G1 X16.59 Y8.65
G1 X16.57 Y8.59
G1 X16.55 Y8.54
G1 X16.53 Y8.49
G1 X16.52 Y8.44
G1 X16.51 Y8.39
G1 X16.50 Y8.34
G1 X16.50 Y8.27
G1 X16.50 Y8.22
G1 X16.50 Y8.17
G1 X16.51 Y8.12
G1 X16.51 Y8.08
G1 X16.52 Y8.05
G1 X16.52 Y8.01
G1 X16.53 Y7.98
G1 X16.54 Y7.95
G1 X16.55 Y7.92
G1 X16.57 Y7.90
G1 X16.58 Y7.88
G1 X16.60 Y7.86
G1 X16.63 Y7.85
G1 X16.65 Y7.84
G1 X16.68 Y7.83
G1 X16.70 Y7.82
G1 X16.72 Y7.82
G1 X16.74 Y7.81
G1 X16.76 Y7.81
G1 X16.78 Y7.80
G1 X16.81 Y7.80
G1 X16.83 Y7.80
G1 X16.86 Y7.80
G1 X16.88 Y7.80
G1 X16.89 Y7.80
G1 X16.90 Y7.80
G1 X16.92 Y7.80
G1 X16.93 Y7.81
G1 X16.94 Y7.81
G1 X16.95 Y7.81
G1 X16.96 Y7.81
G1 X16.98 Y7.82
G1 X16.99 Y7.82
G1 X17.00 Y7.82
G1 X17.02 Y7.83
G1 X17.03 Y7.83
G1 X17.04 Y7.83
G1 X17.06 Y7.83
G1 X17.07 Y7.83
G1 X17.12 Y7.85
G1 X17.17 Y7.87
G1 X17.21 Y7.88
G1 X17.25 Y7.90
G1 X17.29 Y7.92
G1 X17.33 Y7.95
G1 X17.37 Y7.97
G1 X17.41 Y8.00
G1 X17.46 Y8.03
G1 X17.50 Y8.05
G1 X17.54 Y8.08
G1 X17.58 Y8.11
G1 X17.62 Y8.13
G1 X17.66 Y8.16
G1 X17.69 Y8.19
G1 X17.73 Y8.22
G1 X17.92 Y8.37
G1 X18.06 Y8.49
G1 X18.21 Y8.61
G1 X18.35 Y8.74
G1 X18.48 Y8.87
G1 X18.62 Y9.00
G1 X18.74 Y9.13
G1 X18.87 Y9.27
G1 X18.91 Y9.30
G1 X18.93 Y9.33
G1 X18.96 Y9.36
G1 X18.99 Y9.38
G1 X19.01 Y9.40
G1 X19.03 Y9.42
G1 X19.06 Y9.43
G1 X19.08 Y9.45
G1 X19.09 Y9.47
G1 X19.10 Y9.48
G1 X19.11 Y9.49
G1 X19.12 Y9.50
G1 X19.13 Y9.50
G1 X19.14 Y9.51
G1 X19.16 Y9.51
G1 X19.17 Y9.51
G1 X19.18 Y9.51
G1 X19.19 Y9.51
G1 X19.20 Y9.51
G1 X19.21 Y9.50
G1 X19.23 Y9.50
G1 X19.24 Y9.49
G1 X19.26 Y9.49
G1 X19.27 Y9.48
G1 X19.30 Y9.47
G1 X19.31 Y9.46
G1 X19.33 Y9.45
G1 X19.35 Y9.43
G1 X19.36 Y9.42
G1 X19.38 Y9.40
G1 X19.40 Y9.38
G1 X19.41 Y9.36
G1 X19.41 Y9.36
G0 Z3.00

G0 X17.31 Y9.18
G1 Z0.00 F1200
G1 X17.28 Y9.20
G1 X17.26 Y9.22
G1 X17.24 Y9.24
G1 X17.22 Y9.25
G1 X17.20 Y9.26
G1 X17.17 Y9.26
G1 X17.15 Y9.27
G1 X17.13 Y9.27
G1 X17.11 Y9.27
G1 X17.10 Y9.27
G1 X17.08 Y9.27
G1 X17.07 Y9.26
G1 X17.05 Y9.26
G1 X17.04 Y9.25
G1 X17.02 Y9.25
G1 X17.01 Y9.24
G1 X17.03 Y9.20
G1 X17.04 Y9.17
G1 X17.06 Y9.15
G1 X17.08 Y9.13
G1 X17.10 Y9.11
G1 X17.12 Y9.10
G1 X17.14 Y9.09
G1 X17.16 Y9.09
G1 X17.18 Y9.09
G1 X17.19 Y9.10
G1 X17.21 Y9.10
G1 X17.23 Y9.11
G1 X17.25 Y9.13
G1 X17.27 Y9.14
G1 X17.29 Y9.16
G1 X17.31 Y9.18
G1 X17.31 Y9.18
G0 Z3.00

G0 X18.54 Y10.59
G1 Z0.00 F1200
G1 X18.51 Y10.54
G1 X18.49 Y10.50
G1 X18.47 Y10.47
G1 X18.45 Y10.44
G1 X18.43 Y10.42
G1 X18.40 Y10.40
G1 X18.38 Y10.39
G1 X18.36 Y10.38
G1 X18.32 Y10.37
G1 X18.29 Y10.36
G1 X18.27 Y10.36
G1 X18.24 Y10.36
G1 X18.21 Y10.36
G1 X18.18 Y10.38
G1 X18.15 Y10.39
G1 X18.12 Y10.41
G1 X18.12 Y10.42
G1 X18.12 Y10.43
G1 X18.12 Y10.43
G1 X18.11 Y10.44
G1 X18.11 Y10.45
G1 X18.10 Y10.46
G1 X18.10 Y10.46
G1 X18.09 Y10.47
G1 X18.08 Y10.48
G1 X18.08 Y10.49
G1 X18.08 Y10.50
G1 X18.08 Y10.51
G1 X18.08 Y10.52
G1 X18.08 Y10.53
G1 X18.08 Y10.55
G1 X18.09 Y10.56
G1 X18.01 Y10.70
G1 X17.95 Y10.82
G1 X17.90 Y10.94
G1 X17.84 Y11.05
G1 X17.80 Y11.17
G1 X17.75 Y11.29
G1 X17.71 Y11.40
G1 X17.67 Y11.52
G1 X17.54 Y11.38
G1 X17.44 Y11.26
G1 X17.33 Y11.14
G1 X17.21 Y11.03
G1 X17.10 Y10.91
G1 X16.98 Y10.79
G1 X16.86 Y10.68
G1 X16.74 Y10.56
G1 X16.73 Y10.54
G1 X16.72 Y10.53
G1 X16.72 Y10.52
G1 X16.71 Y10.51
G1 X16.71 Y10.50
G1 X16.70 Y10.49
G1 X16.70 Y10.48
G1 X16.70 Y10.47
G1 X16.69 Y10.46
G1 X16.68 Y10.45
G1 X16.67 Y10.45
G1 X16.66 Y10.44
G1 X16.65 Y10.43
G1 X16.63 Y10.42
G1 X16.61 Y10.42
G1 X16.59 Y10.41
G1 X16.55 Y10.39
G1 X16.51 Y10.37
G1 X16.48 Y10.36
G1 X16.45 Y10.36
G1 X16.42 Y10.36
G1 X16.40 Y10.36
G1 X16.37 Y10.37
G1 X16.35 Y10.38
G1 X16.33 Y10.39
G1 X16.32 Y10.41
G1 X16.31 Y10.42
G1 X16.30 Y10.44
G1 X16.29 Y10.47
G1 X16.28 Y10.49
G1 X16.27 Y10.53
G1 X16.26 Y10.56
G1 X16.25 Y10.57
G1 X16.25 Y10.59
G1 X16.26 Y10.61
G1 X16.27 Y10.63
G1 X16.28 Y10.66
G1 X16.30 Y10.69
G1 X16.32 Y10.73
G1 X16.35 Y10.77
G1 X16.38 Y10.81
G1 X16.40 Y10.84
G1 X16.43 Y10.86
G1 X16.45 Y10.89
G1 X16.48 Y10.92
G1 X16.51 Y10.95
G1 X16.54 Y10.98
G1 X16.57 Y11.01
G1 X16.62 Y11.05
G1 X16.65 Y11.08
G1 X16.68 Y11.11
G1 X16.71 Y11.14
G1 X16.74 Y11.17
G1 X16.77 Y11.21
G1 X16.80 Y11.24
G1 X16.83 Y11.28
G1 X16.88 Y11.33
G1 X16.93 Y11.36
G1 X16.97 Y11.40
G1 X17.01 Y11.44
G1 X17.05 Y11.48
G1 X17.09 Y11.52
G1 X17.12 Y11.56
G1 X17.16 Y11.59
G1 X17.21 Y11.64
G1 X17.24 Y11.68
G1 X17.28 Y11.72
G1 X17.32 Y11.76
G1 X17.36 Y11.80
G1 X17.40 Y11.84
G1 X17.45 Y11.87
G1 X17.49 Y11.91
G1 X17.53 Y11.96
G1 X17.56 Y11.99
G1 X17.60 Y12.02
G1 X17.63 Y12.04
G1 X17.67 Y12.06
G1 X17.71 Y12.07
G1 X17.76 Y12.08
G1 X17.80 Y12.07
G1 X17.86 Y12.07
G1 X17.90 Y12.05
G1 X17.93 Y12.04
G1 X17.95 Y12.02
G1 X17.97 Y11.99
G1 X17.99 Y11.96
G1 X18.00 Y11.92
G1 X18.00 Y11.88
G1 X18.03 Y11.84
G1 X18.06 Y11.81
G1 X18.08 Y11.78
G1 X18.10 Y11.74
G1 X18.12 Y11.70
G1 X18.14 Y11.66
G1 X18.15 Y11.62
G1 X18.16 Y11.58
G1 X18.18 Y11.53
G1 X18.19 Y11.48
G1 X18.20 Y11.44
G1 X18.22 Y11.40
G1 X18.23 Y11.36
G1 X18.24 Y11.32
G1 X18.26 Y11.29
G1 X18.27 Y11.25
G1 X18.30 Y11.21
G1 X18.32 Y11.17
G1 X18.34 Y11.14
G1 X18.35 Y11.10
G1 X18.37 Y11.07
G1 X18.39 Y11.04
G1 X18.40 Y11.01
G1 X18.42 Y10.98
G1 X18.44 Y10.94
G1 X18.45 Y10.91
G1 X18.46 Y10.89
G1 X18.47 Y10.86
G1 X18.48 Y10.83
G1 X18.49 Y10.80
G1 X18.50 Y10.77
G1 X18.51 Y10.74
G1 X18.53 Y10.71
G1 X18.54 Y10.68
G1 X18.54 Y10.66
G1 X18.55 Y10.64
G1 X18.55 Y10.62
G1 X18.55 Y10.61
G1 X18.55 Y10.60
G1 X18.54 Y10.59
G1 X18.54 Y10.59
G0 Z3.00

G0 X17.31 Y12.84
G1 Z0.00 F1200
G1 X17.35 Y12.84
G1 X17.39 Y12.83
G1 X17.42 Y12.82
G1 X17.46 Y12.81
G1 X17.49 Y12.79
G1 X17.52 Y12.77
G1 X17.55 Y12.75
G1 X17.58 Y12.72
G1 X17.62 Y12.68
G1 X17.66 Y12.65
G1 X17.69 Y12.62
G1 X17.72 Y12.59
G1 X17.75 Y12.56
G1 X17.78 Y12.52
G1 X17.81 Y12.49
G1 X17.83 Y12.45
G1 X17.87 Y12.41
G1 X17.91 Y12.38
G1 X17.95 Y12.35
G1 X18.00 Y12.32
G1 X18.06 Y12.30
G1 X18.12 Y12.27
G1 X18.19 Y12.26
G1 X18.27 Y12.24
G1 X18.45 Y12.24
G1 X18.66 Y12.24
G1 X18.73 Y12.24
G1 X18.78 Y12.25
G1 X18.83 Y12.26
G1 X18.88 Y12.28
G1 X18.93 Y12.29
G1 X18.97 Y12.32
G1 X19.01 Y12.34
G1 X19.05 Y12.38
G1 X19.09 Y12.42
G1 X19.13 Y12.45
G1 X19.16 Y12.48
G1 X19.19 Y12.52
G1 X19.22 Y12.55
G1 X19.24 Y12.59
G1 X19.27 Y12.62
G1 X19.29 Y12.66
G1 X19.32 Y12.72
G1 X19.34 Y12.76
G1 X19.36 Y12.81
G1 X19.37 Y12.86
G1 X19.39 Y12.91
G1 X19.41 Y12.97
G1 X19.42 Y13.02
G1 X19.44 Y13.08
G1 X19.44 Y13.13
G1 X19.43 Y13.17
G1 X19.43 Y13.20
G1 X19.42 Y13.23
G1 X19.40 Y13.26
G1 X19.39 Y13.28
G1 X19.37 Y13.30
G1 X19.35 Y13.32
G1 X19.30 Y13.35
G1 X19.26 Y13.37
G1 X19.22 Y13.38
G1 X19.19 Y13.38
G1 X19.16 Y13.38
G1 X19.13 Y13.36
G1 X19.10 Y13.35
G1 X19.08 Y13.32
G1 X19.08 Y13.31
G1 X19.08 Y13.30
G1 X19.07 Y13.28
G1 X19.06 Y13.27
G1 X19.06 Y13.25
G1 X19.05 Y13.22
G1 X19.03 Y13.20
G1 X19.02 Y13.17
G1 X19.01 Y13.13
G1 X19.00 Y13.10
G1 X18.99 Y13.08
G1 X18.99 Y13.05
G1 X18.98 Y13.02
G1 X18.97 Y12.99
G1 X18.96 Y12.96
G1 X18.95 Y12.93
G1 X18.93 Y12.90
G1 X18.92 Y12.87
G1 X18.91 Y12.84
G1 X18.89 Y12.82
G1 X18.88 Y12.80
G1 X18.87 Y12.78
G1 X18.85 Y12.77
G1 X18.84 Y12.75
G1 X18.80 Y12.73
G1 X18.77 Y12.71
G1 X18.73 Y12.69
G1 X18.69 Y12.68
G1 X18.65 Y12.67
G1 X18.61 Y12.67
G1 X18.56 Y12.66
G1 X18.51 Y12.66
G1 X18.47 Y12.66
G1 X18.44 Y12.66
G1 X18.41 Y12.67
G1 X18.38 Y12.68
G1 X18.36 Y12.68
G1 X18.33 Y12.69
G1 X18.32 Y12.71
G1 X18.30 Y12.72
G1 X18.27 Y12.74
G1 X18.24 Y12.75
G1 X18.21 Y12.77
G1 X18.19 Y12.78
G1 X18.17 Y12.80
G1 X18.15 Y12.81
G1 X18.14 Y12.83
G1 X18.12 Y12.84
G1 X18.10 Y12.86
G1 X18.09 Y12.87
G1 X18.08 Y12.88
G1 X18.06 Y12.90
G1 X18.05 Y12.91
G1 X18.04 Y12.92
G1 X18.03 Y12.93
G1 X18.02 Y12.95
G1 X18.00 Y12.96
G1 X17.99 Y12.97
G1 X17.97 Y12.98
G1 X17.96 Y13.00
G1 X17.94 Y13.01
G1 X17.92 Y13.02
G1 X17.90 Y13.04
G1 X17.88 Y13.05
G1 X17.85 Y13.07
G1 X17.82 Y13.08
G1 X17.80 Y13.10
G1 X17.76 Y13.12
G1 X17.73 Y13.14
G1 X17.69 Y13.16
G1 X17.65 Y13.18
G1 X17.61 Y13.20
G1 X17.59 Y13.20
G1 X17.58 Y13.20
G1 X17.57 Y13.20
G1 X17.56 Y13.20
G1 X17.55 Y13.21
G1 X17.54 Y13.21
G1 X17.53 Y13.21
G1 X17.52 Y13.21
G1 X17.51 Y13.22
G1 X17.50 Y13.22
G1 X17.49 Y13.22
G1 X17.48 Y13.23
G1 X17.47 Y13.23
G1 X17.46 Y13.23
G1 X17.44 Y13.23
G1 X17.43 Y13.23
G1 X17.22 Y13.23
G1 X17.11 Y13.22
G1 X17.02 Y13.21
G1 X16.94 Y13.19
G1 X16.86 Y13.17
G1 X16.78 Y13.13
G1 X16.72 Y13.09
G1 X16.65 Y13.04
G1 X16.59 Y12.99
G1 X16.57 Y12.97
G1 X16.56 Y12.96
G1 X16.54 Y12.94
G1 X16.53 Y12.92
G1 X16.51 Y12.91
G1 X16.50 Y12.89
G1 X16.48 Y12.87
G1 X16.47 Y12.85
G1 X16.45 Y12.83
G1 X16.44 Y12.82
G1 X16.42 Y12.80
G1 X16.41 Y12.78
G1 X16.39 Y12.77
G1 X16.38 Y12.75
G1 X16.36 Y12.73
G1 X16.35 Y12.72
G1 X16.33 Y12.69
G1 X16.32 Y12.67
G1 X16.31 Y12.65
G1 X16.31 Y12.63
G1 X16.30 Y12.61
G1 X16.30 Y12.58
G1 X16.30 Y12.56
G1 X16.30 Y12.54
G1 X16.31 Y12.51
G1 X16.31 Y12.49
G1 X16.31 Y12.46
G1 X16.32 Y12.44
G1 X16.32 Y12.41
G1 X16.32 Y12.39
G1 X16.32 Y12.36
G1 X16.32 Y12.33
G1 X16.32 Y12.27
G1 X16.33 Y12.23
G1 X16.33 Y12.19
G1 X16.34 Y12.15
G1 X16.36 Y12.12
G1 X16.37 Y12.10
G1 X16.39 Y12.08
G1 X16.41 Y12.06
G1 X16.45 Y12.06
G1 X16.48 Y12.06
G1 X16.50 Y12.07
G1 X16.53 Y12.08
G1 X16.56 Y12.11
G1 X16.59 Y12.13
G1 X16.62 Y12.17
G1 X16.65 Y12.21
G1 X16.66 Y12.22
G1 X16.67 Y12.23
G1 X16.67 Y12.25
G1 X16.68 Y12.26
G1 X16.69 Y12.28
G1 X16.70 Y12.31
G1 X16.70 Y12.33
G1 X16.71 Y12.36
G1 X16.74 Y12.44
G1 X16.76 Y12.49
G1 X16.79 Y12.54
G1 X16.81 Y12.59
G1 X16.84 Y12.63
G1 X16.86 Y12.67
G1 X16.89 Y12.70
G1 X16.92 Y12.72
G1 X16.97 Y12.75
G1 X17.01 Y12.78
G1 X17.05 Y12.80
G1 X17.10 Y12.81
G1 X17.15 Y12.82
G1 X17.20 Y12.83
G1 X17.25 Y12.84
G1 X17.31 Y12.84
G1 X17.31 Y12.84
G0 Z3.00

G0 X22.53 Y9.45
G1 Z0.00 F1200
G1 X22.55 Y9.43
G1 X22.57 Y9.42
G1 X22.59 Y9.40
G1 X22.60 Y9.38
G1 X22.61 Y9.36
G1 X22.61 Y9.34
G1 X22.62 Y9.32
G1 X22.62 Y9.30
G1 X22.62 Y9.27
G1 X22.61 Y9.25
G1 X22.61 Y9.22
G1 X22.60 Y9.20
G1 X22.58 Y9.17
G1 X22.57 Y9.15
G1 X22.55 Y9.12
G1 X22.53 Y9.09
G1 X22.52 Y9.07
G1 X22.50 Y9.05
G1 X22.49 Y9.03
G1 X22.47 Y9.00
G1 X22.44 Y8.98
G1 X22.42 Y8.95
G1 X22.38 Y8.92
G1 X22.35 Y8.88
G1 X22.23 Y8.78
G1 X22.13 Y8.70
G1 X22.03 Y8.62
G1 X21.93 Y8.54
G1 X21.83 Y8.46
G1 X21.74 Y8.38
G1 X21.65 Y8.30
G1 X21.55 Y8.22
G1 X21.44 Y8.12
G1 X21.35 Y8.04
G1 X21.25 Y7.96
G1 X21.16 Y7.88
G1 X21.06 Y7.80
G1 X20.96 Y7.72
G1 X20.86 Y7.64
G1 X20.76 Y7.56
G1 X20.72 Y7.53
G1 X20.70 Y7.50
G1 X20.67 Y7.48
G1 X20.64 Y7.46
G1 X20.62 Y7.44
G1 X20.60 Y7.43
G1 X20.57 Y7.42
G1 X20.55 Y7.41
G1 X20.52 Y7.40
G1 X20.50 Y7.40
G1 X20.48 Y7.39
G1 X20.46 Y7.39
G1 X20.44 Y7.38
G1 X20.41 Y7.38
G1 X20.39 Y7.38
G1 X20.37 Y7.38
G1 X20.34 Y7.38
G1 X20.32 Y7.38
G1 X20.30 Y7.38
G1 X20.28 Y7.39
G1 X20.26 Y7.39
G1 X20.23 Y7.40
G1 X20.21 Y7.40
G1 X20.19 Y7.41
G1 X20.16 Y7.45
G1 X20.13 Y7.48
G1 X20.11 Y7.51
G1 X20.10 Y7.54
G1 X20.09 Y7.57
G1 X20.08 Y7.61
G1 X20.07 Y7.64
G1 X20.07 Y7.68
G1 X20.07 Y7.69
G1 X20.07 Y7.70
G1 X20.07 Y7.70
G1 X20.07 Y7.71
G1 X20.07 Y7.72
G1 X20.07 Y7.73
G1 X20.07 Y7.73
G1 X20.07 Y7.74
G1 X20.09 Y7.82
G1 X20.10 Y7.89
G1 X20.11 Y7.95
G1 X20.13 Y8.01
G1 X20.14 Y8.08
G1 X20.15 Y8.14
G1 X20.16 Y8.20
G1 X20.18 Y8.27
G1 X20.19 Y8.34
G1 X20.20 Y8.40
G1 X20.21 Y8.46
G1 X20.23 Y8.52
G1 X20.24 Y8.58
G1 X20.25 Y8.64
G1 X20.27 Y8.70
G1 X20.28 Y8.76
G1 X20.28 Y8.78
G1 X20.28 Y8.79
G1 X20.28 Y8.81
G1 X20.29 Y8.82
G1 X20.29 Y8.84
G1 X20.30 Y8.85
G1 X20.30 Y8.87
G1 X20.31 Y8.88
G1 X20.07 Y8.64
G1 X20.03 Y8.60
G1 X20.00 Y8.58
G1 X19.98 Y8.55
G1 X19.95 Y8.52
G1 X19.92 Y8.49
G1 X19.89 Y8.47
G1 X19.86 Y8.44
G1 X19.83 Y8.41
G1 X19.80 Y8.38
G1 X19.77 Y8.36
G1 X19.74 Y8.33
G1 X19.72 Y8.31
G1 X19.70 Y8.29
G1 X19.68 Y8.26
G1 X19.67 Y8.24
G1 X19.65 Y8.22
G1 X19.63 Y8.19
G1 X19.62 Y8.17
G1 X19.60 Y8.15
G1 X19.58 Y8.13
G1 X19.56 Y8.11
G1 X19.54 Y8.08
G1 X19.52 Y8.06
G1 X19.50 Y8.04
G1 X19.47 Y8.01
G1 X19.45 Y7.99
G1 X19.43 Y7.97
G1 X19.42 Y7.95
G1 X19.40 Y7.93
G1 X19.38 Y7.90
G1 X19.37 Y7.88
G1 X19.35 Y7.86
G1 X19.33 Y7.84
G1 X19.32 Y7.83
G1 X19.31 Y7.82
G1 X19.30 Y7.81
G1 X19.29 Y7.80
G1 X19.28 Y7.79
G1 X19.28 Y7.78
G1 X19.28 Y7.77
G1 X19.27 Y7.76
G1 X19.26 Y7.75
G1 X19.26 Y7.75
G1 X19.25 Y7.74
G1 X19.24 Y7.73
G1 X19.23 Y7.72
G1 X19.21 Y7.72
G1 X19.20 Y7.71
G1 X19.20 Y7.71
G1 X19.20 Y7.71
G1 X19.20 Y7.71
G1 X19.20 Y7.71
G1 X19.20 Y7.71
G1 X19.20 Y7.71
G1 X19.20 Y7.71
G1 X19.20 Y7.71
G1 X19.19 Y7.71
G1 X19.19 Y7.71
G1 X19.18 Y7.71
G1 X19.18 Y7.70
G1 X19.17 Y7.70
G1 X19.17 Y7.69
G1 X19.17 Y7.69
G1 X19.17 Y7.68
G1 X19.17 Y7.68
G1 X19.17 Y7.68
G1 X19.17 Y7.68
G1 X19.17 Y7.68
G1 X19.17 Y7.68
G1 X19.17 Y7.68
G1 X19.17 Y7.68
G1 X19.17 Y7.68
G1 X19.16 Y7.68
G1 X19.15 Y7.68
G1 X19.15 Y7.68
G1 X19.14 Y7.68
G1 X19.13 Y7.68
G1 X19.12 Y7.68
G1 X19.12 Y7.68
G1 X19.11 Y7.68
G1 X19.11 Y7.68
G1 X19.11 Y7.68
G1 X19.11 Y7.68
G1 X19.11 Y7.67
G1 X19.11 Y7.67
G1 X19.11 Y7.66
G1 X19.11 Y7.66
G1 X19.11 Y7.65
G1 X19.11 Y7.65
G1 X19.11 Y7.65
G1 X19.11 Y7.65
G1 X19.10 Y7.65
G1 X19.10 Y7.65
G1 X19.09 Y7.65
G1 X19.09 Y7.65
G1 X19.08 Y7.65
G1 X19.08 Y7.65
G1 X19.08 Y7.65
G1 X19.08 Y7.65
G1 X19.08 Y7.65
G1 X19.08 Y7.65
G1 X19.08 Y7.65
G1 X19.08 Y7.65
G1 X19.08 Y7.65
G1 X19.08 Y7.65
G1 X19.08 Y7.65
G1 X19.08 Y7.65
G1 X19.08 Y7.65
G1 X19.08 Y7.65
G1 X19.08 Y7.65
G1 X19.08 Y7.65
G1 X19.08 Y7.65
G1 X19.08 Y7.65
G1 X19.08 Y7.65
G1 X19.08 Y7.65
G1 X19.08 Y7.65
G1 X19.08 Y7.65
G1 X19.08 Y7.65
G1 X19.08 Y7.65
G1 X19.08 Y7.65
G1 X19.08 Y7.65
G1 X19.08 Y7.65
G1 X19.08 Y7.65
G1 X19.08 Y7.65
G1 X19.08 Y7.65
G1 X19.08 Y7.65
G1 X19.08 Y7.65
G1 X19.08 Y7.65
G1 X19.08 Y7.65
G1 X19.08 Y7.65
G1 X19.08 Y7.65
G1 X19.08 Y7.65
G1 X19.08 Y7.65
G1 X19.08 Y7.65
G1 X19.08 Y7.65
G1 X19.08 Y7.65
G1 X19.06 Y7.65
G1 X19.05 Y7.65
G1 X19.04 Y7.65
G1 X19.03 Y7.65
G1 X19.02 Y7.65
G1 X19.01 Y7.65
G1 X19.00 Y7.65
G1 X18.99 Y7.65
G1 X18.95 Y7.65
G1 X18.92 Y7.66
G1 X18.89 Y7.67
G1 X18.86 Y7.69
G1 X18.84 Y7.71
G1 X18.81 Y7.74
G1 X18.80 Y7.77
G1 X18.78 Y7.80
G1 X18.76 Y7.83
G1 X18.75 Y7.85
G1 X18.74 Y7.87
G1 X18.73 Y7.89
G1 X18.73 Y7.91
G1 X18.72 Y7.94
G1 X18.72 Y7.96
G1 X18.72 Y7.98
G1 X18.72 Y7.99
G1 X18.72 Y8.00
G1 X18.72 Y8.01
G1 X18.72 Y8.02
G1 X18.73 Y8.04
G1 X18.73 Y8.05
G1 X18.73 Y8.07
G1 X18.73 Y8.08
G1 X18.74 Y8.11
G1 X18.75 Y8.13
G1 X18.75 Y8.16
G1 X18.76 Y8.18
G1 X18.77 Y8.21
G1 X18.78 Y8.24
G1 X18.80 Y8.27
G1 X18.81 Y8.31
G1 X18.83 Y8.36
G1 X18.84 Y8.39
G1 X18.85 Y8.43
G1 X18.87 Y8.47
G1 X18.88 Y8.51
G1 X18.89 Y8.55
G1 X18.90 Y8.60
G1 X18.91 Y8.64
G1 X18.93 Y8.69
G1 X18.94 Y8.74
G1 X18.95 Y8.78
G1 X18.97 Y8.83
G1 X18.98 Y8.87
G1 X18.99 Y8.91
G1 X19.01 Y8.96
G1 X19.02 Y9.00
G1 X19.03 Y9.04
G1 X19.04 Y9.06
G1 X19.04 Y9.09
G1 X19.05 Y9.12
G1 X19.06 Y9.15
G1 X19.07 Y9.17
G1 X19.07 Y9.20
G1 X19.08 Y9.22
G1 X19.09 Y9.26
G1 X19.10 Y9.29
G1 X19.10 Y9.31
G1 X19.11 Y9.34
G1 X19.12 Y9.38
G1 X19.13 Y9.41
G1 X19.13 Y9.44
G1 X19.14 Y9.48
G1 X19.15 Y9.50
G1 X19.16 Y9.51
G1 X19.16 Y9.52
G1 X19.17 Y9.54
G1 X19.17 Y9.55
G1 X19.18 Y9.56
G1 X19.18 Y9.57
G1 X19.19 Y9.58
G1 X19.19 Y9.60
G1 X19.20 Y9.61
G1 X19.20 Y9.62
G1 X19.21 Y9.64
G1 X19.22 Y9.65
G1 X19.23 Y9.66
G1 X19.25 Y9.68
G1 X19.26 Y9.69
G1 X19.30 Y9.71
G1 X19.32 Y9.72
G1 X19.35 Y9.73
G1 X19.38 Y9.74
G1 X19.40 Y9.74
G1 X19.42 Y9.75
G1 X19.45 Y9.75
G1 X19.47 Y9.75
G1 X19.53 Y9.73
G1 X19.57 Y9.70
G1 X19.60 Y9.68
G1 X19.63 Y9.64
G1 X19.65 Y9.60
G1 X19.67 Y9.56
G1 X19.68 Y9.51
G1 X19.68 Y9.45
G1 X19.68 Y9.43
G1 X19.68 Y9.42
G1 X19.68 Y9.40
G1 X19.68 Y9.39
G1 X19.67 Y9.37
G1 X19.67 Y9.36
G1 X19.67 Y9.34
G1 X19.66 Y9.33
G1 X19.66 Y9.31
G1 X19.66 Y9.30
G1 X19.66 Y9.28
G1 X19.65 Y9.27
G1 X19.65 Y9.25
G1 X19.65 Y9.24
G1 X19.65 Y9.22
G1 X19.65 Y9.21
G1 X19.63 Y9.16
G1 X19.62 Y9.12
G1 X19.61 Y9.09
G1 X19.60 Y9.06
G1 X19.60 Y9.03
G1 X19.59 Y9.01
G1 X19.59 Y8.99
G1 X19.59 Y8.97
G1 X19.66 Y9.04
G1 X19.73 Y9.10
G1 X19.79 Y9.16
G1 X19.86 Y9.22
G1 X19.93 Y9.28
G1 X20.01 Y9.33
G1 X20.08 Y9.39
G1 X20.16 Y9.45
G1 X20.16 Y9.45
G1 X20.16 Y9.45
G1 X20.16 Y9.45
G1 X20.17 Y9.45
G1 X20.17 Y9.45
G1 X20.18 Y9.45
G1 X20.18 Y9.45
G1 X20.19 Y9.45
G1 X20.19 Y9.46
G1 X20.19 Y9.46
G1 X20.19 Y9.47
G1 X20.20 Y9.47
G1 X20.20 Y9.48
G1 X20.21 Y9.48
G1 X20.21 Y9.48
G1 X20.22 Y9.48
G1 X20.22 Y9.48
G1 X20.22 Y9.48
G1 X20.22 Y9.48
G1 X20.23 Y9.48
G1 X20.23 Y9.48
G1 X20.24 Y9.48
G1 X20.24 Y9.48
G1 X20.25 Y9.48
G1 X20.25 Y9.48
G1 X20.25 Y9.48
G1 X20.25 Y9.48
G1 X20.25 Y9.49
G1 X20.25 Y9.49
G1 X20.25 Y9.50
G1 X20.25 Y9.50
G1 X20.25 Y9.51
G1 X20.26 Y9.51
G1 X20.26 Y9.51
G1 X20.27 Y9.51
G1 X20.27 Y9.51
G1 X20.28 Y9.51
G1 X20.28 Y9.51
G1 X20.28 Y9.51
G1 X20.28 Y9.51
G1 X20.28 Y9.51
G1 X20.28 Y9.51
G1 X20.28 Y9.51
G1 X20.29 Y9.51
G1 X20.29 Y9.51
G1 X20.30 Y9.51
G1 X20.30 Y9.51
G1 X20.31 Y9.51
G1 X20.32 Y9.52
G1 X20.33 Y9.52
G1 X20.33 Y9.53
G1 X20.34 Y9.53
G1 X20.35 Y9.54
G1 X20.36 Y9.54
G1 X20.36 Y9.54
G1 X20.37 Y9.54
G1 X20.37 Y9.54
G1 X20.37 Y9.54
G1 X20.37 Y9.54
G1 X20.37 Y9.55
G1 X20.37 Y9.55
G1 X20.37 Y9.56
G1 X20.37 Y9.56
G1 X20.37 Y9.57
G1 X20.38 Y9.57
G1 X20.38 Y9.57
G1 X20.39 Y9.57
G1 X20.39 Y9.57
G1 X20.40 Y9.57
G1 X20.40 Y9.57
G1 X20.40 Y9.57
G1 X20.40 Y9.57
G1 X20.42 Y9.58
G1 X20.43 Y9.58
G1 X20.45 Y9.59
G1 X20.47 Y9.59
G1 X20.49 Y9.60
G1 X20.51 Y9.60
G1 X20.53 Y9.60
G1 X20.55 Y9.60
G1 X20.58 Y9.60
G1 X20.60 Y9.59
G1 X20.63 Y9.59
G1 X20.65 Y9.58
G1 X20.68 Y9.57
G1 X20.70 Y9.56
G1 X20.73 Y9.54
G1 X20.76 Y9.53
G1 X20.79 Y9.50
G1 X20.82 Y9.48
G1 X20.84 Y9.45
G1 X20.85 Y9.42
G1 X20.86 Y9.39
G1 X20.87 Y9.35
G1 X20.88 Y9.31
G1 X20.88 Y9.27
G1 X20.88 Y9.26
G1 X20.88 Y9.25
G1 X20.88 Y9.25
G1 X20.88 Y9.24
G1 X20.88 Y9.23
G1 X20.88 Y9.22
G1 X20.88 Y9.22
G1 X20.88 Y9.21
G1 X20.88 Y9.16
G1 X20.88 Y9.13
G1 X20.88 Y9.09
G1 X20.87 Y9.05
G1 X20.87 Y9.01
G1 X20.86 Y8.97
G1 X20.86 Y8.92
G1 X20.85 Y8.88
G1 X20.84 Y8.83
G1 X20.83 Y8.78
G1 X20.83 Y8.74
G1 X20.82 Y8.70
G1 X20.81 Y8.66
G1 X20.80 Y8.62
G1 X20.80 Y8.59
G1 X20.79 Y8.55
G1 X20.77 Y8.50
G1 X20.76 Y8.45
G1 X20.75 Y8.41
G1 X20.74 Y8.37
G1 X20.74 Y8.33
G1 X20.73 Y8.29
G1 X20.73 Y8.26
G1 X20.73 Y8.22
G1 X20.77 Y8.26
G1 X20.81 Y8.30
G1 X20.85 Y8.33
G1 X20.88 Y8.36
G1 X20.91 Y8.39
G1 X20.95 Y8.42
G1 X20.98 Y8.45
G1 X21.02 Y8.47
G1 X21.06 Y8.51
G1 X21.09 Y8.53
G1 X21.12 Y8.56
G1 X21.16 Y8.59
G1 X21.19 Y8.61
G1 X21.23 Y8.64
G1 X21.26 Y8.67
G1 X21.30 Y8.70
G1 X21.37 Y8.75
G1 X21.43 Y8.80
G1 X21.48 Y8.84
G1 X21.53 Y8.89
G1 X21.59 Y8.93
G1 X21.64 Y8.97
G1 X21.69 Y9.02
G1 X21.73 Y9.06
G1 X21.79 Y9.11
G1 X21.84 Y9.16
G1 X21.89 Y9.20
G1 X21.94 Y9.25
G1 X21.99 Y9.29
G1 X22.04 Y9.33
G1 X22.09 Y9.38
G1 X22.14 Y9.42
G1 X22.17 Y9.44
G1 X22.19 Y9.46
G1 X22.22 Y9.48
G1 X22.24 Y9.49
G1 X22.27 Y9.50
G1 X22.29 Y9.50
G1 X22.32 Y9.51
G1 X22.35 Y9.51
G1 X22.38 Y9.51
G1 X22.40 Y9.51
G1 X22.42 Y9.50
G1 X22.44 Y9.49
G1 X22.46 Y9.49
G1 X22.49 Y9.48
G1 X22.51 Y9.46
G1 X22.53 Y9.45
G1 X22.53 Y9.45
G0 Z3.00

G0 X48.30 Y17.88
G1 Z0.00 F1200
G1 X48.31 Y17.84
G1 X48.31 Y17.80
G1 X48.32 Y17.77
G1 X48.32 Y17.73
G1 X48.33 Y17.70
G1 X48.33 Y17.67
G1 X48.33 Y17.64
G1 X48.33 Y17.61
G1 X48.33 Y17.57
G1 X48.33 Y17.54
G1 X48.33 Y17.51
G1 X48.32 Y17.47
G1 X48.32 Y17.43
G1 X48.31 Y17.39
G1 X48.31 Y17.35
G1 X48.30 Y17.31
G1 X48.29 Y17.25
G1 X48.28 Y17.21
G1 X48.27 Y17.16
G1 X48.26 Y17.11
G1 X48.25 Y17.06
G1 X48.24 Y17.00
G1 X48.22 Y16.95
G1 X48.21 Y16.89
G1 X48.16 Y16.68
G1 X48.12 Y16.52
G1 X48.07 Y16.35
G1 X48.02 Y16.19
G1 X47.96 Y16.02
G1 X47.91 Y15.86
G1 X47.84 Y15.70
G1 X47.78 Y15.54
G1 X47.69 Y15.34
G1 X47.62 Y15.18
G1 X47.54 Y15.02
G1 X47.47 Y14.86
G1 X47.39 Y14.70
G1 X47.32 Y14.54
G1 X47.24 Y14.38
G1 X47.16 Y14.22
G1 X46.95 Y13.82
G1 X46.78 Y13.50
G1 X46.60 Y13.18
G1 X46.42 Y12.86
G1 X46.23 Y12.55
G1 X46.05 Y12.24
G1 X45.85 Y11.94
G1 X45.66 Y11.64
G1 X45.41 Y11.27
G1 X45.21 Y10.98
G1 X45.00 Y10.68
G1 X44.79 Y10.39
G1 X44.57 Y10.10
G1 X44.35 Y9.81
G1 X44.12 Y9.53
G1 X43.89 Y9.24
G1 X43.46 Y8.70
G1 X43.11 Y8.28
G1 X42.76 Y7.85
G1 X42.40 Y7.44
G1 X42.04 Y7.02
G1 X41.67 Y6.62
G1 X41.30 Y6.22
G1 X40.92 Y5.82
G1 X40.92 Y5.82
G1 X40.92 Y5.82
G1 X40.92 Y5.82
G1 X40.92 Y5.82
G1 X40.92 Y5.82
G1 X40.92 Y5.82
G1 X40.92 Y5.82
G1 X40.92 Y5.82
G1 X40.92 Y5.82
G1 X40.92 Y5.81
G1 X40.91 Y5.81
G1 X40.90 Y5.80
G1 X40.90 Y5.78
G1 X40.89 Y5.77
G1 X40.87 Y5.75
G1 X40.86 Y5.73
G1 X40.91 Y5.75
G1 X40.95 Y5.76
G1 X40.99 Y5.77
G1 X41.03 Y5.78
G1 X41.06 Y5.79
G1 X41.10 Y5.80
G1 X41.13 Y5.81
G1 X41.16 Y5.82
G1 X41.42 Y5.92
G1 X41.64 Y6.00
G1 X41.86 Y6.07
G1 X42.09 Y6.15
G1 X42.31 Y6.23
G1 X42.55 Y6.30
G1 X42.78 Y6.38
G1 X43.02 Y6.45
G1 X43.07 Y6.47
G1 X43.10 Y6.48
G1 X43.14 Y6.49
G1 X43.19 Y6.51
G1 X43.23 Y6.52
G1 X43.27 Y6.53
G1 X43.32 Y6.54
G1 X43.37 Y6.55
G1 X43.42 Y6.57
G1 X43.47 Y6.58
G1 X43.52 Y6.59
G1 X43.57 Y6.61
G1 X43.62 Y6.62
G1 X43.67 Y6.63
G1 X43.72 Y6.65
G1 X43.77 Y6.66
G1 X43.84 Y6.68
G1 X43.90 Y6.69
G1 X43.96 Y6.71
G1 X44.02 Y6.73
G1 X44.09 Y6.75
G1 X44.15 Y6.77
G1 X44.21 Y6.79
G1 X44.28 Y6.81
G1 X44.30 Y6.82
G1 X44.31 Y6.82
G1 X44.32 Y6.83
G1 X44.33 Y6.83
G1 X44.34 Y6.84
G1 X44.35 Y6.84
G1 X44.36 Y6.84
G1 X44.37 Y6.84
G1 X44.38 Y6.84
G1 X44.39 Y6.84
G1 X44.40 Y6.84
G1 X44.41 Y6.85
G1 X44.42 Y6.85
G1 X44.43 Y6.86
G1 X44.45 Y6.86
G1 X44.46 Y6.87
G1 X44.61 Y6.87
G1 X44.67 Y6.87
G1 X44.71 Y6.86
G1 X44.75 Y6.84
G1 X44.79 Y6.82
G1 X44.82 Y6.80
G1 X44.84 Y6.77
G1 X44.86 Y6.73
G1 X44.88 Y6.69
G1 X44.88 Y6.67
G1 X44.88 Y6.66
G1 X44.88 Y6.65
G1 X44.88 Y6.64
G1 X44.88 Y6.63
G1 X44.88 Y6.62
G1 X44.88 Y6.61
G1 X44.88 Y6.60
G1 X44.88 Y6.56
G1 X44.87 Y6.53
G1 X44.86 Y6.50
G1 X44.84 Y6.47
G1 X44.82 Y6.45
G1 X44.79 Y6.42
G1 X44.76 Y6.41
G1 X44.73 Y6.39
G1 X44.71 Y6.39
G1 X44.70 Y6.39
G1 X44.68 Y6.39
G1 X44.67 Y6.38
G1 X44.65 Y6.38
G1 X44.64 Y6.37
G1 X44.62 Y6.37
G1 X44.61 Y6.36
G1 X44.60 Y6.36
G1 X44.58 Y6.35
G1 X44.55 Y6.35
G1 X44.52 Y6.34
G1 X44.49 Y6.33
G1 X44.44 Y6.32
G1 X44.40 Y6.30
G1 X44.34 Y6.29
G1 X44.27 Y6.26
G1 X44.21 Y6.24
G1 X44.15 Y6.23
G1 X44.09 Y6.21
G1 X44.02 Y6.19
G1 X43.96 Y6.17
G1 X43.90 Y6.15
G1 X43.83 Y6.13
G1 X43.75 Y6.11
G1 X43.69 Y6.09
G1 X43.62 Y6.08
G1 X43.56 Y6.06
G1 X43.50 Y6.04
G1 X43.44 Y6.02
G1 X43.38 Y6.00
G1 X43.32 Y5.98
G1 X43.25 Y5.96
G1 X43.21 Y5.95
G1 X43.17 Y5.94
G1 X43.14 Y5.93
G1 X43.11 Y5.92
G1 X43.09 Y5.91
G1 X43.08 Y5.91
G1 X43.08 Y5.91
G1 X42.93 Y5.86
G1 X42.80 Y5.81
G1 X42.68 Y5.77
G1 X42.56 Y5.73
G1 X42.44 Y5.69
G1 X42.32 Y5.65
G1 X42.20 Y5.61
G1 X42.08 Y5.56
G1 X41.93 Y5.52
G1 X41.81 Y5.48
G1 X41.68 Y5.44
G1 X41.56 Y5.40
G1 X41.44 Y5.36
G1 X41.32 Y5.32
G1 X41.19 Y5.29
G1 X41.07 Y5.25
G1 X41.04 Y5.23
G1 X41.02 Y5.22
G1 X41.00 Y5.21
G1 X40.98 Y5.20
G1 X40.96 Y5.19
G1 X40.93 Y5.18
G1 X40.91 Y5.18
G1 X40.89 Y5.17
G1 X40.86 Y5.17
G1 X40.84 Y5.16
G1 X40.82 Y5.16
G1 X40.80 Y5.15
G1 X40.78 Y5.14
G1 X40.75 Y5.13
G1 X40.73 Y5.11
G1 X40.71 Y5.10
G1 X40.64 Y5.07
G1 X40.58 Y5.05
G1 X40.53 Y5.03
G1 X40.48 Y5.01
G1 X40.43 Y4.99
G1 X40.38 Y4.96
G1 X40.33 Y4.94
G1 X40.29 Y4.92
G1 X40.24 Y4.89
G1 X40.19 Y4.87
G1 X40.14 Y4.85
G1 X40.10 Y4.83
G1 X40.05 Y4.81
G1 X40.00 Y4.78
G1 X39.95 Y4.76
G1 X39.90 Y4.74
G1 X39.87 Y4.72
G1 X39.84 Y4.71
G1 X39.82 Y4.70
G1 X39.80 Y4.69
G1 X39.78 Y4.69
G1 X39.77 Y4.68
G1 X39.76 Y4.68
G1 X39.75 Y4.68
G1 X39.73 Y4.67
G1 X39.72 Y4.67
G1 X39.70 Y4.66
G1 X39.69 Y4.66
G1 X39.67 Y4.65
G1 X39.66 Y4.65
G1 X39.64 Y4.65
G1 X39.63 Y4.65
G1 X39.60 Y4.65
G1 X39.57 Y4.66
G1 X39.54 Y4.67
G1 X39.52 Y4.68
G1 X39.50 Y4.70
G1 X39.48 Y4.72
G1 X39.47 Y4.74
G1 X39.45 Y4.77
G1 X39.43 Y4.80
G1 X39.42 Y4.82
G1 X39.41 Y4.84
G1 X39.40 Y4.85
G1 X39.40 Y4.87
G1 X39.39 Y4.89
G1 X39.39 Y4.90
G1 X39.39 Y4.92
G1 X39.39 Y4.95
G1 X39.39 Y4.97
G1 X39.40 Y4.99
G1 X39.41 Y5.00
G1 X39.41 Y5.02
G1 X39.42 Y5.04
G1 X39.44 Y5.05
G1 X39.45 Y5.07
G1 X39.48 Y5.11
G1 X39.50 Y5.13
G1 X39.53 Y5.16
G1 X39.55 Y5.19
G1 X39.58 Y5.21
G1 X39.60 Y5.23
G1 X39.63 Y5.26
G1 X39.66 Y5.28
G1 X40.14 Y5.76
G1 X40.53 Y6.15
G1 X40.90 Y6.55
G1 X41.27 Y6.95
G1 X41.64 Y7.35
G1 X42.00 Y7.76
G1 X42.36 Y8.17
G1 X42.71 Y8.58
G1 X43.13 Y9.10
G1 X43.46 Y9.52
G1 X43.79 Y9.95
G1 X44.12 Y10.39
G1 X44.44 Y10.83
G1 X44.75 Y11.27
G1 X45.06 Y11.72
G1 X45.36 Y12.18
G1 X45.54 Y12.46
G1 X45.68 Y12.69
G1 X45.82 Y12.92
G1 X45.96 Y13.14
G1 X46.09 Y13.37
G1 X46.23 Y13.61
G1 X46.36 Y13.84
G1 X46.48 Y14.07
G1 X46.64 Y14.36
G1 X46.76 Y14.60
G1 X46.88 Y14.84
G1 X46.99 Y15.08
G1 X47.10 Y15.33
G1 X47.20 Y15.58
G1 X47.30 Y15.83
G1 X47.40 Y16.08
G1 X47.44 Y16.18
G1 X47.48 Y16.26
G1 X47.51 Y16.34
G1 X47.54 Y16.42
G1 X47.57 Y16.51
G1 X47.59 Y16.59
G1 X47.62 Y16.67
G1 X47.64 Y16.75
G1 X47.67 Y16.86
G1 X47.69 Y16.94
G1 X47.71 Y17.03
G1 X47.72 Y17.11
G1 X47.74 Y17.20
G1 X47.76 Y17.29
G1 X47.77 Y17.37
G1 X47.79 Y17.46
G1 X47.79 Y17.79
G1 X47.79 Y17.82
G1 X47.79 Y17.85
G1 X47.78 Y17.87
G1 X47.77 Y17.88
G1 X47.77 Y17.89
G1 X47.76 Y17.90
G1 X47.74 Y17.91
G1 X47.73 Y17.91
G1 X47.72 Y17.91
G1 X47.71 Y17.91
G1 X47.71 Y17.91
G1 X47.70 Y17.90
G1 X47.69 Y17.90
G1 X47.68 Y17.89
G1 X47.68 Y17.89
G1 X47.67 Y17.88
G1 X47.63 Y17.86
G1 X47.61 Y17.85
G1 X47.58 Y17.84
G1 X47.55 Y17.82
G1 X47.52 Y17.81
G1 X47.50 Y17.80
G1 X47.47 Y17.79
G1 X47.45 Y17.77
G1 X47.41 Y17.76
G1 X47.39 Y17.75
G1 X47.36 Y17.73
G1 X47.34 Y17.72
G1 X47.32 Y17.70
G1 X47.29 Y17.68
G1 X47.27 Y17.66
G1 X47.25 Y17.64
G1 X47.17 Y17.57
G1 X47.10 Y17.51
G1 X47.04 Y17.45
G1 X46.98 Y17.40
G1 X46.91 Y17.34
G1 X46.85 Y17.29
G1 X46.79 Y17.23
G1 X46.73 Y17.18
G1 X46.65 Y17.11
G1 X46.59 Y17.05
G1 X46.53 Y17.00
G1 X46.47 Y16.94
G1 X46.41 Y16.88
G1 X46.35 Y16.83
G1 X46.29 Y16.77
G1 X46.23 Y16.71
G1 X46.07 Y16.55
G1 X45.94 Y16.41
G1 X45.81 Y16.28
G1 X45.69 Y16.14
G1 X45.56 Y16.00
G1 X45.44 Y15.86
G1 X45.32 Y15.71
G1 X45.20 Y15.57
G1 X45.05 Y15.39
G1 X44.93 Y15.24
G1 X44.81 Y15.09
G1 X44.69 Y14.94
G1 X44.57 Y14.80
G1 X44.45 Y14.64
G1 X44.34 Y14.49
G1 X44.22 Y14.34
G1 X43.50 Y13.39
G1 X42.93 Y12.62
G1 X42.38 Y11.84
G1 X41.83 Y11.05
G1 X41.30 Y10.26
G1 X40.78 Y9.47
G1 X40.27 Y8.67
G1 X39.78 Y7.86
G1 X39.18 Y6.85
G1 X38.71 Y6.03
G1 X38.25 Y5.20
G1 X37.79 Y4.36
G1 X37.35 Y3.52
G1 X36.91 Y2.66
G1 X36.48 Y1.80
G1 X36.06 Y0.93
G1 X35.62 Y0.01
G1 X35.27 Y-0.74
G1 X34.94 Y-1.49
G1 X34.62 Y-2.24
G1 X34.31 Y-3.00
G1 X34.01 Y-3.76
G1 X33.73 Y-4.52
G1 X33.45 Y-5.28
G1 X33.43 Y-5.32
G1 X33.42 Y-5.36
G1 X33.41 Y-5.39
G1 X33.40 Y-5.42
G1 X33.39 Y-5.45
G1 X33.38 Y-5.48
G1 X33.37 Y-5.51
G1 X33.36 Y-5.54
G1 X33.35 Y-5.57
G1 X33.34 Y-5.60
G1 X33.33 Y-5.62
G1 X33.32 Y-5.65
G1 X33.31 Y-5.69
G1 X33.30 Y-5.72
G1 X33.28 Y-5.75
G1 X33.27 Y-5.79
G1 X33.27 Y-5.80
G1 X33.27 Y-5.81
G1 X33.27 Y-5.81
G1 X33.27 Y-5.82
G1 X33.26 Y-5.83
G1 X33.26 Y-5.84
G1 X33.26 Y-5.84
G1 X33.26 Y-5.85
G1 X33.25 Y-5.86
G1 X33.25 Y-5.87
G1 X33.25 Y-5.87
G1 X33.24 Y-5.88
G1 X33.24 Y-5.89
G1 X33.24 Y-5.90
G1 X33.24 Y-5.90
G1 X33.24 Y-5.91
G1 X33.20 Y-5.97
G1 X33.17 Y-6.01
G1 X33.14 Y-6.04
G1 X33.11 Y-6.07
G1 X33.08 Y-6.09
G1 X33.04 Y-6.11
G1 X33.01 Y-6.12
G1 X32.97 Y-6.12
G1 X32.96 Y-6.12
G1 X32.95 Y-6.12
G1 X32.94 Y-6.12
G1 X32.93 Y-6.11
G1 X32.92 Y-6.11
G1 X32.91 Y-6.10
G1 X32.89 Y-6.10
G1 X32.88 Y-6.09
G1 X32.83 Y-6.08
G1 X32.80 Y-6.06
G1 X32.77 Y-6.04
G1 X32.74 Y-6.02
G1 X32.72 Y-5.99
G1 X32.71 Y-5.96
G1 X32.70 Y-5.92
G1 X32.70 Y-5.88
G1 X32.70 Y-5.86
G1 X32.70 Y-5.85
G1 X32.70 Y-5.83
G1 X32.71 Y-5.81
G1 X32.71 Y-5.79
G1 X32.72 Y-5.77
G1 X32.72 Y-5.75
G1 X32.73 Y-5.73
G1 X33.18 Y-4.29
G1 X33.58 Y-2.98
G1 X33.91 Y-1.92
G1 X34.23 Y-0.86
G1 X34.55 Y0.20
G1 X34.87 Y1.25
G1 X35.19 Y2.31
G1 X35.51 Y3.36
G1 X35.82 Y4.41
G1 X36.21 Y5.71
G1 X36.52 Y6.76
G1 X36.82 Y7.81
G1 X37.13 Y8.87
G1 X37.44 Y9.93
G1 X37.74 Y10.99
G1 X38.04 Y12.05
G1 X38.34 Y13.11
G1 X38.49 Y13.65
G1 X38.61 Y14.08
G1 X38.73 Y14.52
G1 X38.85 Y14.95
G1 X38.97 Y15.38
G1 X39.09 Y15.81
G1 X39.20 Y16.24
G1 X39.32 Y16.66
G1 X39.45 Y17.19
G1 X39.57 Y17.62
G1 X39.68 Y18.05
G1 X39.80 Y18.48
G1 X39.91 Y18.91
G1 X40.03 Y19.35
G1 X40.14 Y19.78
G1 X40.26 Y20.22
G1 X40.29 Y20.31
G1 X40.31 Y20.38
G1 X40.32 Y20.45
G1 X40.34 Y20.52
G1 X40.36 Y20.60
G1 X40.37 Y20.67
G1 X40.38 Y20.74
G1 X40.40 Y20.80
G1 X40.41 Y20.89
G1 X40.42 Y20.96
G1 X40.43 Y21.03
G1 X40.45 Y21.09
G1 X40.46 Y21.16
G1 X40.47 Y21.23
G1 X40.49 Y21.29
G1 X40.50 Y21.36
G1 X40.53 Y21.43
G1 X40.55 Y21.49
G1 X40.58 Y21.53
G1 X40.61 Y21.57
G1 X40.64 Y21.59
G1 X40.67 Y21.61
G1 X40.70 Y21.63
G1 X40.74 Y21.63
G1 X40.77 Y21.63
G1 X40.79 Y21.63
G1 X40.81 Y21.63
G1 X40.82 Y21.62
G1 X40.84 Y21.62
G1 X40.86 Y21.61
G1 X40.87 Y21.61
G1 X40.89 Y21.60
G1 X40.93 Y21.58
G1 X40.96 Y21.56
G1 X40.98 Y21.53
G1 X41.00 Y21.51
G1 X41.02 Y21.48
G1 X41.03 Y21.44
G1 X41.04 Y21.40
G1 X41.04 Y21.36
G1 X41.04 Y21.35
G1 X41.04 Y21.34
G1 X41.04 Y21.33
G1 X41.04 Y21.32
G1 X41.04 Y21.31
G1 X41.04 Y21.30
G1 X41.04 Y21.28
G1 X41.04 Y21.27
G1 X40.98 Y21.04
G1 X40.93 Y20.85
G1 X40.88 Y20.66
G1 X40.84 Y20.48
G1 X40.79 Y20.29
G1 X40.75 Y20.11
G1 X40.71 Y19.92
G1 X40.67 Y19.74
G1 X40.61 Y19.51
G1 X40.57 Y19.33
G1 X40.53 Y19.15
G1 X40.48 Y18.96
G1 X40.44 Y18.77
G1 X40.39 Y18.59
G1 X40.34 Y18.40
G1 X40.29 Y18.21
G1 X39.92 Y16.85
G1 X39.62 Y15.76
G1 X39.31 Y14.66
G1 X39.01 Y13.57
G1 X38.70 Y12.48
G1 X38.39 Y11.39
G1 X38.08 Y10.31
G1 X37.77 Y9.22
G1 X37.38 Y7.89
G1 X37.07 Y6.81
G1 X36.75 Y5.72
G1 X36.43 Y4.64
G1 X36.11 Y3.55
G1 X35.78 Y2.47
G1 X35.46 Y1.39
G1 X35.13 Y0.30
G1 X35.13 Y0.29
G1 X35.13 Y0.28
G1 X35.13 Y0.28
G1 X35.13 Y0.27
G1 X35.12 Y0.27
G1 X35.12 Y0.26
G1 X35.12 Y0.26
G1 X35.12 Y0.26
G1 X35.11 Y0.25
G1 X35.11 Y0.24
G1 X35.11 Y0.24
G1 X35.10 Y0.23
G1 X35.10 Y0.22
G1 X35.10 Y0.21
G1 X35.10 Y0.19
G1 X35.10 Y0.18
G1 X35.12 Y0.20
G1 X35.13 Y0.21
G1 X35.14 Y0.22
G1 X35.15 Y0.24
G1 X35.16 Y0.25
G1 X35.17 Y0.26
G1 X35.17 Y0.27
G1 X35.18 Y0.28
G1 X35.18 Y0.30
G1 X35.18 Y0.31
G1 X35.19 Y0.32
G1 X35.19 Y0.34
G1 X35.20 Y0.35
G1 X35.21 Y0.36
G1 X35.21 Y0.38
G1 X35.22 Y0.39
G1 X35.74 Y1.48
G1 X36.17 Y2.36
G1 X36.61 Y3.23
G1 X37.06 Y4.09
G1 X37.52 Y4.95
G1 X37.98 Y5.79
G1 X38.46 Y6.64
G1 X38.94 Y7.47
G1 X39.55 Y8.49
G1 X40.06 Y9.31
G1 X40.58 Y10.12
G1 X41.12 Y10.93
G1 X41.67 Y11.73
G1 X42.22 Y12.53
G1 X42.80 Y13.32
G1 X43.38 Y14.10
G1 X43.56 Y14.33
G1 X43.70 Y14.52
G1 X43.85 Y14.71
G1 X43.99 Y14.90
G1 X44.14 Y15.09
G1 X44.28 Y15.27
G1 X44.42 Y15.46
G1 X44.57 Y15.64
G1 X44.74 Y15.87
G1 X44.89 Y16.05
G1 X45.04 Y16.23
G1 X45.19 Y16.41
G1 X45.35 Y16.59
G1 X45.51 Y16.76
G1 X45.67 Y16.93
G1 X45.84 Y17.10
G1 X45.91 Y17.17
G1 X45.97 Y17.23
G1 X46.03 Y17.29
G1 X46.09 Y17.35
G1 X46.16 Y17.41
G1 X46.22 Y17.46
G1 X46.28 Y17.52
G1 X46.35 Y17.58
G1 X46.43 Y17.65
G1 X46.50 Y17.71
G1 X46.57 Y17.77
G1 X46.64 Y17.83
G1 X46.71 Y17.89
G1 X46.78 Y17.94
G1 X46.85 Y18.00
G1 X46.92 Y18.06
G1 X47.01 Y18.13
G1 X47.09 Y18.18
G1 X47.16 Y18.23
G1 X47.24 Y18.27
G1 X47.33 Y18.30
G1 X47.41 Y18.34
G1 X47.49 Y18.37
G1 X47.58 Y18.39
G1 X47.61 Y18.40
G1 X47.63 Y18.40
G1 X47.65 Y18.41
G1 X47.66 Y18.41
G1 X47.68 Y18.42
G1 X47.70 Y18.42
G1 X47.71 Y18.42
G1 X47.73 Y18.42
G1 X47.78 Y18.42
G1 X47.83 Y18.41
G1 X47.87 Y18.40
G1 X47.91 Y18.39
G1 X47.95 Y18.37
G1 X47.99 Y18.35
G1 X48.03 Y18.33
G1 X48.08 Y18.30
G1 X48.12 Y18.26
G1 X48.16 Y18.22
G1 X48.19 Y18.18
G1 X48.22 Y18.13
G1 X48.24 Y18.07
G1 X48.26 Y18.02
G1 X48.28 Y17.95
G1 X48.30 Y17.88
G1 X48.30 Y17.88
G0 Z3.00

G0 X50.13 Y9.45
G1 Z0.00 F1200
G1 X50.15 Y9.42
G1 X50.17 Y9.40
G1 X50.19 Y9.37
G1 X50.20 Y9.35
G1 X50.21 Y9.32
G1 X50.21 Y9.30
G1 X50.22 Y9.27
G1 X50.22 Y9.24
G1 X50.22 Y9.22
G1 X50.22 Y9.21
G1 X50.21 Y9.19
G1 X50.20 Y9.17
G1 X50.20 Y9.15
G1 X50.19 Y9.13
G1 X50.17 Y9.11
G1 X50.16 Y9.09
G1 X50.13 Y9.06
G1 X50.12 Y9.05
G1 X50.12 Y9.05
G1 X50.11 Y9.04
G1 X50.11 Y9.04
G1 X50.10 Y9.03
G1 X50.10 Y9.03
G1 X50.10 Y9.03
G1 X50.10 Y9.03
G1 X49.92 Y8.85
G1 X49.91 Y8.84
G1 X49.91 Y8.84
G1 X49.90 Y8.83
G1 X49.90 Y8.83
G1 X49.89 Y8.82
G1 X49.89 Y8.82
G1 X49.89 Y8.82
G1 X49.89 Y8.82
G1 X49.74 Y8.67
G1 X49.71 Y8.63
G1 X49.69 Y8.61
G1 X49.67 Y8.58
G1 X49.65 Y8.55
G1 X49.63 Y8.53
G1 X49.60 Y8.51
G1 X49.58 Y8.48
G1 X49.56 Y8.46
G1 X49.17 Y8.07
G1 X49.13 Y8.03
G1 X49.11 Y8.00
G1 X49.08 Y7.98
G1 X49.05 Y7.95
G1 X49.03 Y7.92
G1 X49.01 Y7.89
G1 X48.98 Y7.86
G1 X48.96 Y7.83
G1 X48.91 Y7.78
G1 X48.86 Y7.75
G1 X48.82 Y7.71
G1 X48.78 Y7.67
G1 X48.74 Y7.63
G1 X48.70 Y7.59
G1 X48.67 Y7.54
G1 X48.63 Y7.50
G1 X48.61 Y7.49
G1 X48.60 Y7.48
G1 X48.59 Y7.48
G1 X48.58 Y7.47
G1 X48.57 Y7.46
G1 X48.56 Y7.45
G1 X48.56 Y7.45
G1 X48.56 Y7.44
G1 X48.55 Y7.43
G1 X48.54 Y7.42
G1 X48.54 Y7.41
G1 X48.53 Y7.40
G1 X48.52 Y7.39
G1 X48.51 Y7.38
G1 X48.49 Y7.36
G1 X48.48 Y7.35
G1 X48.39 Y7.26
G1 X48.39 Y7.26
G1 X48.39 Y7.26
G1 X48.39 Y7.26
G1 X48.39 Y7.26
G1 X48.39 Y7.26
G1 X48.39 Y7.26
G1 X48.39 Y7.26
G1 X48.39 Y7.26
G1 X48.36 Y7.23
G1 X48.36 Y7.23
G1 X48.36 Y7.23
G1 X48.36 Y7.23
G1 X48.36 Y7.23
G1 X48.36 Y7.23
G1 X48.36 Y7.23
G1 X48.36 Y7.23
G1 X48.36 Y7.23
G1 X48.33 Y7.20
G1 X48.29 Y7.18
G1 X48.27 Y7.16
G1 X48.24 Y7.14
G1 X48.21 Y7.13
G1 X48.19 Y7.12
G1 X48.17 Y7.12
G1 X48.14 Y7.11
G1 X48.12 Y7.11
G1 X48.09 Y7.11
G1 X48.07 Y7.11
G1 X48.05 Y7.12
G1 X48.03 Y7.13
G1 X48.01 Y7.13
G1 X47.98 Y7.14
G1 X47.96 Y7.16
G1 X47.94 Y7.17
G1 X47.91 Y7.19
G1 X47.88 Y7.21
G1 X47.86 Y7.24
G1 X47.85 Y7.26
G1 X47.84 Y7.29
G1 X47.83 Y7.33
G1 X47.82 Y7.37
G1 X47.82 Y7.41
G1 X47.82 Y7.43
G1 X47.82 Y7.44
G1 X47.82 Y7.46
G1 X47.82 Y7.47
G1 X47.82 Y7.49
G1 X47.82 Y7.50
G1 X47.82 Y7.52
G1 X47.82 Y7.53
G1 X47.84 Y7.63
G1 X47.85 Y7.71
G1 X47.86 Y7.78
G1 X47.88 Y7.86
G1 X47.89 Y7.93
G1 X47.90 Y8.00
G1 X47.91 Y8.08
G1 X47.93 Y8.14
G1 X47.94 Y8.23
G1 X47.95 Y8.30
G1 X47.96 Y8.38
G1 X47.98 Y8.45
G1 X47.99 Y8.53
G1 X48.00 Y8.60
G1 X48.02 Y8.68
G1 X48.03 Y8.76
G1 X48.03 Y9.00
G1 X48.00 Y8.97
G1 X47.98 Y8.96
G1 X47.96 Y8.94
G1 X47.95 Y8.92
G1 X47.93 Y8.91
G1 X47.91 Y8.90
G1 X47.90 Y8.89
G1 X47.88 Y8.88
G1 X47.80 Y8.81
G1 X47.74 Y8.75
G1 X47.67 Y8.69
G1 X47.61 Y8.63
G1 X47.55 Y8.56
G1 X47.49 Y8.50
G1 X47.43 Y8.44
G1 X47.37 Y8.37
G1 X47.37 Y8.37
G1 X47.37 Y8.37
G1 X47.37 Y8.37
G1 X47.37 Y8.37
G1 X47.37 Y8.37
G1 X47.37 Y8.37
G1 X47.37 Y8.37
G1 X47.37 Y8.37
G1 X47.34 Y8.31
G1 X47.33 Y8.31
G1 X47.33 Y8.31
G1 X47.32 Y8.31
G1 X47.32 Y8.31
G1 X47.31 Y8.31
G1 X47.31 Y8.31
G1 X47.31 Y8.31
G1 X47.31 Y8.31
G1 X47.28 Y8.28
G1 X47.28 Y8.27
G1 X47.28 Y8.27
G1 X47.28 Y8.26
G1 X47.28 Y8.26
G1 X47.28 Y8.25
G1 X47.28 Y8.25
G1 X47.28 Y8.25
G1 X47.28 Y8.25
G1 X47.22 Y8.22
G1 X47.22 Y8.22
G1 X47.22 Y8.22
G1 X47.22 Y8.22
G1 X47.22 Y8.21
G1 X47.22 Y8.21
G1 X47.22 Y8.20
G1 X47.22 Y8.20
G1 X47.22 Y8.19
G1 X47.19 Y8.16
G1 X47.18 Y8.16
G1 X47.18 Y8.16
G1 X47.17 Y8.16
G1 X47.17 Y8.16
G1 X47.16 Y8.16
G1 X47.16 Y8.16
G1 X47.16 Y8.16
G1 X47.16 Y8.16
G1 X47.13 Y8.10
G1 X47.13 Y8.10
G1 X47.13 Y8.10
G1 X47.13 Y8.10
G1 X47.13 Y8.10
G1 X47.13 Y8.10
G1 X47.13 Y8.10
G1 X47.13 Y8.10
G1 X47.13 Y8.10
G1 X47.07 Y8.04
G1 X47.07 Y8.04
G1 X47.07 Y8.04
G1 X47.07 Y8.04
G1 X47.07 Y8.04
G1 X47.07 Y8.04
G1 X47.07 Y8.04
G1 X47.07 Y8.04
G1 X47.07 Y8.04
G1 X47.04 Y8.01
G1 X47.04 Y8.00
G1 X47.04 Y8.00
G1 X47.04 Y7.99
G1 X47.04 Y7.99
G1 X47.04 Y7.98
G1 X47.04 Y7.98
G1 X47.04 Y7.98
G1 X47.04 Y7.98
G1 X46.98 Y7.95
G1 X46.98 Y7.95
G1 X46.98 Y7.95
G1 X46.98 Y7.95
G1 X46.98 Y7.94
G1 X46.98 Y7.94
G1 X46.98 Y7.93
G1 X46.98 Y7.93
G1 X46.98 Y7.92
G1 X46.95 Y7.89
G1 X46.95 Y7.89
G1 X46.95 Y7.89
G1 X46.95 Y7.89
G1 X46.94 Y7.89
G1 X46.94 Y7.89
G1 X46.93 Y7.89
G1 X46.93 Y7.89
G1 X46.92 Y7.89
G1 X46.89 Y7.83
G1 X46.89 Y7.83
G1 X46.89 Y7.83
G1 X46.89 Y7.83
G1 X46.89 Y7.83
G1 X46.89 Y7.83
G1 X46.89 Y7.83
G1 X46.89 Y7.83
G1 X46.89 Y7.83
G1 X46.88 Y7.81
G1 X46.87 Y7.79
G1 X46.85 Y7.77
G1 X46.84 Y7.75
G1 X46.82 Y7.73
G1 X46.79 Y7.70
G1 X46.77 Y7.68
G1 X46.74 Y7.65
G1 X46.72 Y7.63
G1 X46.71 Y7.62
G1 X46.69 Y7.61
G1 X46.67 Y7.60
G1 X46.65 Y7.60
G1 X46.63 Y7.59
G1 X46.61 Y7.59
G1 X46.59 Y7.59
G1 X46.57 Y7.59
G1 X46.56 Y7.59
G1 X46.54 Y7.59
G1 X46.52 Y7.60
G1 X46.50 Y7.60
G1 X46.48 Y7.61
G1 X46.46 Y7.61
G1 X46.44 Y7.62
G1 X46.40 Y7.64
G1 X46.37 Y7.66
G1 X46.35 Y7.69
G1 X46.33 Y7.71
G1 X46.31 Y7.74
G1 X46.30 Y7.78
G1 X46.29 Y7.82
G1 X46.29 Y7.86
G1 X46.29 Y7.88
G1 X46.29 Y7.89
G1 X46.29 Y7.91
G1 X46.29 Y7.92
G1 X46.30 Y7.94
G1 X46.30 Y7.95
G1 X46.30 Y7.97
G1 X46.31 Y7.98
G1 X46.31 Y8.00
G1 X46.31 Y8.01
G1 X46.31 Y8.03
G1 X46.32 Y8.04
G1 X46.32 Y8.06
G1 X46.32 Y8.07
G1 X46.32 Y8.09
G1 X46.32 Y8.10
G1 X46.34 Y8.14
G1 X46.35 Y8.18
G1 X46.36 Y8.21
G1 X46.37 Y8.25
G1 X46.38 Y8.28
G1 X46.39 Y8.31
G1 X46.39 Y8.34
G1 X46.40 Y8.37
G1 X46.40 Y8.41
G1 X46.41 Y8.44
G1 X46.41 Y8.47
G1 X46.42 Y8.50
G1 X46.43 Y8.53
G1 X46.44 Y8.57
G1 X46.46 Y8.60
G1 X46.47 Y8.64
G1 X46.77 Y9.81
G1 X46.77 Y9.83
G1 X46.77 Y9.84
G1 X46.77 Y9.85
G1 X46.78 Y9.86
G1 X46.78 Y9.87
G1 X46.79 Y9.88
G1 X46.79 Y9.89
G1 X46.80 Y9.90
G1 X46.80 Y9.92
G1 X46.80 Y9.93
G1 X46.80 Y9.94
G1 X46.80 Y9.96
G1 X46.81 Y9.97
G1 X46.81 Y9.98
G1 X46.81 Y9.99
G1 X46.82 Y10.00
G1 X46.82 Y10.02
G1 X46.82 Y10.03
G1 X46.82 Y10.04
G1 X46.83 Y10.06
G1 X46.83 Y10.07
G1 X46.83 Y10.08
G1 X46.83 Y10.10
G1 X46.83 Y10.11
G1 X46.93 Y10.50
G1 X47.01 Y10.81
G1 X47.09 Y11.12
G1 X47.17 Y11.44
G1 X47.24 Y11.75
G1 X47.32 Y12.06
G1 X47.40 Y12.38
G1 X47.48 Y12.69
G1 X47.57 Y13.08
G1 X47.65 Y13.39
G1 X47.72 Y13.71
G1 X47.80 Y14.02
G1 X47.88 Y14.34
G1 X47.96 Y14.66
G1 X48.04 Y14.98
G1 X48.12 Y15.30
G1 X48.18 Y15.53
G1 X48.23 Y15.73
G1 X48.29 Y15.92
G1 X48.34 Y16.11
G1 X48.39 Y16.30
G1 X48.44 Y16.50
G1 X48.49 Y16.69
G1 X48.54 Y16.89
G1 X48.60 Y17.13
G1 X48.66 Y17.33
G1 X48.71 Y17.52
G1 X48.76 Y17.72
G1 X48.82 Y17.91
G1 X48.88 Y18.10
G1 X48.93 Y18.29
G1 X48.99 Y18.48
G1 X49.01 Y18.55
G1 X49.02 Y18.61
G1 X49.04 Y18.67
G1 X49.05 Y18.73
G1 X49.07 Y18.79
G1 X49.08 Y18.85
G1 X49.10 Y18.91
G1 X49.11 Y18.97
G1 X49.13 Y19.05
G1 X49.14 Y19.11
G1 X49.16 Y19.17
G1 X49.17 Y19.23
G1 X49.19 Y19.29
G1 X49.20 Y19.35
G1 X49.22 Y19.41
G1 X49.23 Y19.47
G1 X49.32 Y19.65
G1 X49.34 Y19.67
G1 X49.35 Y19.69
G1 X49.37 Y19.71
G1 X49.39 Y19.72
G1 X49.41 Y19.73
G1 X49.43 Y19.73
G1 X49.45 Y19.74
G1 X49.47 Y19.74
G1 X49.49 Y19.74
G1 X49.50 Y19.74
G1 X49.52 Y19.74
G1 X49.54 Y19.73
G1 X49.56 Y19.73
G1 X49.58 Y19.72
G1 X49.60 Y19.72
G1 X49.62 Y19.71
G1 X49.66 Y19.69
G1 X49.69 Y19.67
G1 X49.71 Y19.65
G1 X49.73 Y19.62
G1 X49.75 Y19.60
G1 X49.76 Y19.57
G1 X49.77 Y19.54
G1 X49.77 Y19.50
G1 X49.77 Y19.49
G1 X49.77 Y19.48
G1 X49.77 Y19.47
G1 X49.77 Y19.46
G1 X49.77 Y19.45
G1 X49.77 Y19.44
G1 X49.77 Y19.42
G1 X49.77 Y19.41
G1 X49.75 Y19.34
G1 X49.74 Y19.28
G1 X49.72 Y19.22
G1 X49.71 Y19.16
G1 X49.69 Y19.09
G1 X49.68 Y19.03
G1 X49.66 Y18.97
G1 X49.65 Y18.90
G1 X49.63 Y18.82
G1 X49.62 Y18.76
G1 X49.60 Y18.69
G1 X49.59 Y18.63
G1 X49.57 Y18.57
G1 X49.56 Y18.51
G1 X49.54 Y18.45
G1 X49.53 Y18.39
G1 X49.35 Y17.81
G1 X49.21 Y17.33
G1 X49.08 Y16.86
G1 X48.95 Y16.39
G1 X48.82 Y15.92
G1 X48.70 Y15.45
G1 X48.58 Y14.98
G1 X48.47 Y14.50
G1 X48.33 Y13.92
G1 X48.21 Y13.45
G1 X48.10 Y12.98
G1 X47.98 Y12.50
G1 X47.87 Y12.03
G1 X47.75 Y11.55
G1 X47.64 Y11.07
G1 X47.52 Y10.59
G1 X47.07 Y8.91
G1 X47.28 Y9.12
G1 X47.34 Y9.17
G1 X47.39 Y9.22
G1 X47.44 Y9.26
G1 X47.50 Y9.30
G1 X47.56 Y9.34
G1 X47.62 Y9.38
G1 X47.69 Y9.41
G1 X47.76 Y9.45
G1 X47.78 Y9.46
G1 X47.79 Y9.47
G1 X47.80 Y9.47
G1 X47.81 Y9.48
G1 X47.82 Y9.48
G1 X47.83 Y9.49
G1 X47.83 Y9.49
G1 X47.84 Y9.49
G1 X47.84 Y9.50
G1 X47.85 Y9.50
G1 X47.85 Y9.51
G1 X47.86 Y9.51
G1 X47.87 Y9.52
G1 X47.88 Y9.53
G1 X47.90 Y9.53
G1 X47.91 Y9.54
G1 X47.92 Y9.55
G1 X47.93 Y9.55
G1 X47.94 Y9.56
G1 X47.95 Y9.56
G1 X47.96 Y9.57
G1 X47.97 Y9.57
G1 X47.99 Y9.57
G1 X48.00 Y9.57
G1 X48.01 Y9.57
G1 X48.02 Y9.57
G1 X48.02 Y9.57
G1 X48.03 Y9.57
G1 X48.03 Y9.58
G1 X48.04 Y9.58
G1 X48.04 Y9.58
G1 X48.05 Y9.58
G1 X48.05 Y9.59
G1 X48.05 Y9.59
G1 X48.06 Y9.59
G1 X48.06 Y9.60
G1 X48.07 Y9.60
G1 X48.08 Y9.60
G1 X48.08 Y9.60
G1 X48.09 Y9.60
G1 X48.21 Y9.59
G1 X48.29 Y9.57
G1 X48.36 Y9.54
G1 X48.43 Y9.49
G1 X48.48 Y9.43
G1 X48.52 Y9.36
G1 X48.55 Y9.28
G1 X48.57 Y9.18
G1 X48.57 Y9.13
G1 X48.57 Y9.10
G1 X48.57 Y9.06
G1 X48.57 Y9.02
G1 X48.56 Y8.98
G1 X48.56 Y8.94
G1 X48.56 Y8.89
G1 X48.56 Y8.85
G1 X48.55 Y8.80
G1 X48.55 Y8.75
G1 X48.55 Y8.71
G1 X48.54 Y8.66
G1 X48.54 Y8.62
G1 X48.54 Y8.58
G1 X48.54 Y8.53
G1 X48.54 Y8.49
G1 X48.53 Y8.46
G1 X48.53 Y8.43
G1 X48.52 Y8.40
G1 X48.52 Y8.37
G1 X48.51 Y8.33
G1 X48.51 Y8.28
G1 X48.51 Y8.24
G1 X48.51 Y8.19
G1 X48.52 Y8.20
G1 X48.52 Y8.21
G1 X48.53 Y8.21
G1 X48.53 Y8.22
G1 X48.54 Y8.22
G1 X48.54 Y8.23
G1 X48.54 Y8.23
G1 X48.54 Y8.23
G1 X48.54 Y8.24
G1 X48.54 Y8.24
G1 X48.54 Y8.25
G1 X48.55 Y8.25
G1 X48.55 Y8.26
G1 X48.56 Y8.27
G1 X48.56 Y8.27
G1 X48.57 Y8.28
G1 X48.64 Y8.35
G1 X48.70 Y8.41
G1 X48.76 Y8.47
G1 X48.82 Y8.52
G1 X48.88 Y8.58
G1 X48.93 Y8.63
G1 X48.99 Y8.69
G1 X49.05 Y8.74
G1 X49.12 Y8.81
G1 X49.18 Y8.87
G1 X49.24 Y8.92
G1 X49.30 Y8.98
G1 X49.36 Y9.04
G1 X49.41 Y9.09
G1 X49.47 Y9.15
G1 X49.53 Y9.21
G1 X49.71 Y9.39
G1 X49.72 Y9.40
G1 X49.73 Y9.41
G1 X49.75 Y9.42
G1 X49.76 Y9.43
G1 X49.78 Y9.44
G1 X49.81 Y9.45
G1 X49.83 Y9.47
G1 X49.86 Y9.48
G1 X49.88 Y9.49
G1 X49.89 Y9.49
G1 X49.90 Y9.50
G1 X49.91 Y9.50
G1 X49.92 Y9.51
G1 X49.93 Y9.51
G1 X49.94 Y9.51
G1 X49.95 Y9.51
G1 X49.98 Y9.51
G1 X50.00 Y9.51
G1 X50.02 Y9.50
G1 X50.04 Y9.49
G1 X50.06 Y9.49
G1 X50.09 Y9.48
G1 X50.11 Y9.46
G1 X50.13 Y9.45
G1 X50.13 Y9.45
G0 Z3.00

G0 X52.59 Y9.48
G1 Z0.00 F1200
G1 X52.62 Y9.45
G1 X52.65 Y9.43
G1 X52.67 Y9.40
G1 X52.68 Y9.37
G1 X52.69 Y9.34
G1 X52.70 Y9.31
G1 X52.71 Y9.28
G1 X52.71 Y9.24
G1 X52.71 Y9.22
G1 X52.71 Y9.21
G1 X52.71 Y9.19
G1 X52.70 Y9.18
G1 X52.70 Y9.16
G1 X52.69 Y9.15
G1 X52.69 Y9.13
G1 X52.68 Y9.12
G1 X52.67 Y9.09
G1 X52.66 Y9.07
G1 X52.64 Y9.04
G1 X52.63 Y9.02
G1 X52.61 Y8.99
G1 X52.58 Y8.97
G1 X52.56 Y8.94
G1 X52.53 Y8.91
G1 X52.51 Y8.88
G1 X52.50 Y8.86
G1 X52.48 Y8.84
G1 X52.47 Y8.82
G1 X52.45 Y8.80
G1 X52.44 Y8.78
G1 X52.42 Y8.76
G1 X52.41 Y8.74
G1 X52.39 Y8.72
G1 X52.38 Y8.70
G1 X52.36 Y8.68
G1 X52.35 Y8.66
G1 X52.33 Y8.64
G1 X52.32 Y8.62
G1 X52.30 Y8.60
G1 X52.29 Y8.58
G1 X52.25 Y8.53
G1 X52.21 Y8.48
G1 X52.17 Y8.44
G1 X52.14 Y8.39
G1 X52.11 Y8.35
G1 X52.07 Y8.31
G1 X52.04 Y8.26
G1 X52.01 Y8.22
G1 X51.96 Y8.17
G1 X51.93 Y8.12
G1 X51.90 Y8.08
G1 X51.86 Y8.03
G1 X51.83 Y7.99
G1 X51.79 Y7.95
G1 X51.76 Y7.90
G1 X51.72 Y7.86
G1 X51.70 Y7.84
G1 X51.69 Y7.83
G1 X51.68 Y7.81
G1 X51.66 Y7.79
G1 X51.65 Y7.78
G1 X51.64 Y7.76
G1 X51.63 Y7.74
G1 X51.62 Y7.72
G1 X51.60 Y7.70
G1 X51.59 Y7.69
G1 X51.58 Y7.67
G1 X51.56 Y7.65
G1 X51.55 Y7.64
G1 X51.54 Y7.62
G1 X51.52 Y7.60
G1 X51.51 Y7.59
G1 X51.39 Y7.47
G1 X51.37 Y7.45
G1 X51.36 Y7.44
G1 X51.34 Y7.42
G1 X51.32 Y7.41
G1 X51.30 Y7.39
G1 X51.28 Y7.38
G1 X51.26 Y7.36
G1 X51.24 Y7.35
G1 X51.20 Y7.31
G1 X51.16 Y7.28
G1 X51.12 Y7.26
G1 X51.09 Y7.24
G1 X51.05 Y7.22
G1 X51.01 Y7.21
G1 X50.98 Y7.20
G1 X50.94 Y7.20
G1 X50.88 Y7.22
G1 X50.84 Y7.24
G1 X50.80 Y7.27
G1 X50.76 Y7.29
G1 X50.73 Y7.32
G1 X50.71 Y7.36
G1 X50.69 Y7.40
G1 X50.67 Y7.44
G1 X50.65 Y7.49
G1 X50.64 Y7.53
G1 X50.63 Y7.57
G1 X50.62 Y7.61
G1 X50.62 Y7.64
G1 X50.61 Y7.68
G1 X50.61 Y7.71
G1 X50.61 Y7.74
G1 X50.61 Y7.77
G1 X50.61 Y7.77
G1 X50.61 Y7.77
G1 X50.61 Y7.77
G1 X50.61 Y7.77
G1 X50.61 Y7.77
G1 X50.61 Y7.77
G1 X50.61 Y7.77
G1 X50.61 Y7.77
G1 X50.61 Y7.80
G1 X50.61 Y7.80
G1 X50.61 Y7.80
G1 X50.61 Y7.80
G1 X50.61 Y7.81
G1 X50.61 Y7.81
G1 X50.61 Y7.82
G1 X50.61 Y7.82
G1 X50.61 Y7.83
G1 X50.61 Y7.83
G1 X50.61 Y7.83
G1 X50.61 Y7.83
G1 X50.61 Y7.84
G1 X50.61 Y7.84
G1 X50.61 Y7.85
G1 X50.61 Y7.85
G1 X50.61 Y7.86
G1 X50.61 Y7.86
G1 X50.61 Y7.86
G1 X50.61 Y7.86
G1 X50.61 Y7.86
G1 X50.61 Y7.86
G1 X50.61 Y7.86
G1 X50.61 Y7.86
G1 X50.61 Y7.86
G1 X50.61 Y7.98
G1 X50.61 Y8.01
G1 X50.61 Y8.03
G1 X50.61 Y8.06
G1 X50.60 Y8.09
G1 X50.60 Y8.12
G1 X50.59 Y8.15
G1 X50.59 Y8.18
G1 X50.58 Y8.22
G1 X50.57 Y8.21
G1 X50.56 Y8.20
G1 X50.56 Y8.20
G1 X50.55 Y8.19
G1 X50.55 Y8.18
G1 X50.54 Y8.17
G1 X50.54 Y8.17
G1 X50.54 Y8.16
G1 X50.53 Y8.15
G1 X50.53 Y8.14
G1 X50.52 Y8.14
G1 X50.52 Y8.13
G1 X50.51 Y8.12
G1 X50.50 Y8.11
G1 X50.50 Y8.11
G1 X50.49 Y8.10
G1 X50.45 Y8.05
G1 X50.42 Y8.02
G1 X50.40 Y7.98
G1 X50.37 Y7.94
G1 X50.34 Y7.90
G1 X50.31 Y7.86
G1 X50.28 Y7.82
G1 X50.25 Y7.79
G1 X50.21 Y7.74
G1 X50.18 Y7.70
G1 X50.16 Y7.66
G1 X50.13 Y7.62
G1 X50.10 Y7.58
G1 X50.07 Y7.54
G1 X50.04 Y7.51
G1 X50.01 Y7.47
G1 X49.98 Y7.44
G1 X49.96 Y7.42
G1 X49.93 Y7.40
G1 X49.91 Y7.39
G1 X49.88 Y7.37
G1 X49.86 Y7.35
G1 X49.83 Y7.34
G1 X49.80 Y7.32
G1 X49.76 Y7.30
G1 X49.73 Y7.29
G1 X49.71 Y7.28
G1 X49.68 Y7.27
G1 X49.65 Y7.27
G1 X49.62 Y7.26
G1 X49.59 Y7.26
G1 X49.56 Y7.26
G1 X49.50 Y7.27
G1 X49.45 Y7.28
G1 X49.41 Y7.30
G1 X49.37 Y7.32
G1 X49.33 Y7.36
G1 X49.29 Y7.40
G1 X49.26 Y7.45
G1 X49.23 Y7.50
G1 X49.21 Y7.55
G1 X49.19 Y7.59
G1 X49.17 Y7.63
G1 X49.16 Y7.67
G1 X49.15 Y7.71
G1 X49.15 Y7.76
G1 X49.14 Y7.81
G1 X49.14 Y7.86
G1 X49.14 Y7.90
G1 X49.14 Y7.93
G1 X49.14 Y7.95
G1 X49.15 Y7.98
G1 X49.15 Y8.01
G1 X49.16 Y8.04
G1 X49.16 Y8.07
G1 X49.17 Y8.10
G1 X49.20 Y8.29
G1 X49.24 Y8.45
G1 X49.28 Y8.59
G1 X49.33 Y8.73
G1 X49.39 Y8.87
G1 X49.46 Y9.00
G1 X49.54 Y9.12
G1 X49.62 Y9.24
G1 X49.69 Y9.33
G1 X49.76 Y9.40
G1 X49.82 Y9.46
G1 X49.89 Y9.52
G1 X49.96 Y9.56
G1 X50.04 Y9.60
G1 X50.11 Y9.63
G1 X50.19 Y9.66
G1 X50.22 Y9.67
G1 X50.24 Y9.67
G1 X50.26 Y9.68
G1 X50.28 Y9.68
G1 X50.30 Y9.69
G1 X50.33 Y9.69
G1 X50.35 Y9.69
G1 X50.37 Y9.69
G1 X50.43 Y9.69
G1 X50.48 Y9.68
G1 X50.53 Y9.66
G1 X50.58 Y9.64
G1 X50.62 Y9.62
G1 X50.67 Y9.59
G1 X50.72 Y9.55
G1 X50.76 Y9.51
G1 X50.79 Y9.47
G1 X50.82 Y9.44
G1 X50.84 Y9.41
G1 X50.85 Y9.37
G1 X50.86 Y9.33
G1 X50.87 Y9.29
G1 X50.88 Y9.25
G1 X50.88 Y9.21
G1 X50.88 Y9.20
G1 X50.88 Y9.19
G1 X50.88 Y9.19
G1 X50.88 Y9.18
G1 X50.88 Y9.17
G1 X50.88 Y9.16
G1 X50.88 Y9.16
G1 X50.88 Y9.15
G1 X50.95 Y9.11
G1 X51.01 Y9.07
G1 X51.05 Y9.02
G1 X51.09 Y8.97
G1 X51.11 Y8.91
G1 X51.13 Y8.85
G1 X51.15 Y8.78
G1 X51.15 Y8.70
G1 X51.15 Y8.04
G1 X51.19 Y8.08
G1 X51.21 Y8.12
G1 X51.24 Y8.15
G1 X51.27 Y8.18
G1 X51.29 Y8.21
G1 X51.31 Y8.24
G1 X51.34 Y8.27
G1 X51.36 Y8.29
G1 X51.39 Y8.33
G1 X51.41 Y8.35
G1 X51.43 Y8.38
G1 X51.45 Y8.41
G1 X51.47 Y8.43
G1 X51.50 Y8.46
G1 X51.52 Y8.49
G1 X51.54 Y8.52
G1 X51.59 Y8.59
G1 X51.64 Y8.65
G1 X51.68 Y8.70
G1 X51.73 Y8.75
G1 X51.77 Y8.81
G1 X51.81 Y8.86
G1 X51.86 Y8.91
G1 X51.90 Y8.96
G1 X51.95 Y9.01
G1 X52.00 Y9.06
G1 X52.04 Y9.12
G1 X52.08 Y9.17
G1 X52.12 Y9.22
G1 X52.16 Y9.28
G1 X52.19 Y9.33
G1 X52.23 Y9.39
G1 X52.27 Y9.42
G1 X52.30 Y9.45
G1 X52.32 Y9.47
G1 X52.35 Y9.48
G1 X52.38 Y9.49
G1 X52.41 Y9.50
G1 X52.44 Y9.51
G1 X52.47 Y9.51
G1 X52.49 Y9.51
G1 X52.50 Y9.51
G1 X52.52 Y9.51
G1 X52.53 Y9.50
G1 X52.55 Y9.50
G1 X52.56 Y9.49
G1 X52.58 Y9.49
G1 X52.59 Y9.48
G1 X52.59 Y9.48
G0 Z3.00

G0 X49.71 Y7.95
G1 Z0.00 F1200
G1 X49.77 Y8.03
G1 X49.82 Y8.10
G1 X49.87 Y8.16
G1 X49.92 Y8.22
G1 X49.96 Y8.29
G1 X50.01 Y8.35
G1 X50.06 Y8.41
G1 X50.10 Y8.47
G1 X50.15 Y8.55
G1 X50.20 Y8.61
G1 X50.25 Y8.68
G1 X50.29 Y8.74
G1 X50.34 Y8.81
G1 X50.39 Y8.87
G1 X50.44 Y8.93
G1 X50.49 Y9.00
G1 X50.46 Y9.03
G1 X50.43 Y9.06
G1 X50.41 Y9.08
G1 X50.39 Y9.10
G1 X50.37 Y9.11
G1 X50.36 Y9.12
G1 X50.35 Y9.13
G1 X50.34 Y9.13
G1 X50.33 Y9.14
G1 X50.33 Y9.14
G1 X50.32 Y9.14
G1 X50.32 Y9.15
G1 X50.31 Y9.15
G1 X50.31 Y9.15
G1 X50.31 Y9.15
G1 X50.31 Y9.15
G1 X50.30 Y9.15
G1 X50.29 Y9.14
G1 X50.28 Y9.14
G1 X50.26 Y9.13
G1 X50.25 Y9.11
G1 X50.23 Y9.10
G1 X50.21 Y9.08
G1 X50.19 Y9.06
G1 X50.12 Y8.99
G1 X50.07 Y8.93
G1 X50.02 Y8.87
G1 X49.98 Y8.81
G1 X49.94 Y8.74
G1 X49.90 Y8.68
G1 X49.87 Y8.62
G1 X49.85 Y8.55
G1 X49.81 Y8.47
G1 X49.79 Y8.40
G1 X49.77 Y8.33
G1 X49.75 Y8.26
G1 X49.73 Y8.19
G1 X49.71 Y8.12
G1 X49.70 Y8.05
G1 X49.68 Y7.98
G1 X49.68 Y7.97
G1 X49.68 Y7.97
G1 X49.68 Y7.96
G1 X49.69 Y7.96
G1 X49.69 Y7.95
G1 X49.70 Y7.95
G1 X49.70 Y7.95
G1 X49.71 Y7.95
G1 X49.71 Y7.95
G0 Z3.00

G0 X55.71 Y9.45
G1 Z0.00 F1200
G1 X55.73 Y9.43
G1 X55.75 Y9.42
G1 X55.77 Y9.40
G1 X55.78 Y9.38
G1 X55.79 Y9.36
G1 X55.79 Y9.34
G1 X55.80 Y9.32
G1 X55.80 Y9.30
G1 X55.80 Y9.27
G1 X55.79 Y9.25
G1 X55.79 Y9.22
G1 X55.78 Y9.20
G1 X55.76 Y9.17
G1 X55.75 Y9.15
G1 X55.73 Y9.12
G1 X55.71 Y9.09
G1 X55.70 Y9.07
G1 X55.68 Y9.05
G1 X55.67 Y9.03
G1 X55.65 Y9.00
G1 X55.62 Y8.98
G1 X55.60 Y8.95
G1 X55.56 Y8.92
G1 X55.53 Y8.88
G1 X55.41 Y8.78
G1 X55.31 Y8.70
G1 X55.21 Y8.62
G1 X55.11 Y8.54
G1 X55.01 Y8.46
G1 X54.92 Y8.38
G1 X54.83 Y8.30
G1 X54.74 Y8.22
G1 X54.62 Y8.12
G1 X54.53 Y8.04
G1 X54.43 Y7.96
G1 X54.34 Y7.88
G1 X54.24 Y7.80
G1 X54.14 Y7.72
G1 X54.04 Y7.64
G1 X53.94 Y7.56
G1 X53.90 Y7.53
G1 X53.88 Y7.50
G1 X53.85 Y7.48
G1 X53.82 Y7.46
G1 X53.80 Y7.44
G1 X53.78 Y7.43
G1 X53.75 Y7.42
G1 X53.73 Y7.41
G1 X53.70 Y7.40
G1 X53.68 Y7.40
G1 X53.66 Y7.39
G1 X53.64 Y7.39
G1 X53.62 Y7.38
G1 X53.59 Y7.38
G1 X53.57 Y7.38
G1 X53.55 Y7.38
G1 X53.52 Y7.38
G1 X53.50 Y7.38
G1 X53.48 Y7.38
G1 X53.46 Y7.39
G1 X53.44 Y7.39
G1 X53.41 Y7.40
G1 X53.39 Y7.40
G1 X53.37 Y7.41
G1 X53.34 Y7.45
G1 X53.31 Y7.48
G1 X53.29 Y7.51
G1 X53.28 Y7.54
G1 X53.27 Y7.57
G1 X53.26 Y7.61
G1 X53.25 Y7.64
G1 X53.25 Y7.68
G1 X53.25 Y7.69
G1 X53.25 Y7.70
G1 X53.25 Y7.70
G1 X53.25 Y7.71
G1 X53.25 Y7.72
G1 X53.25 Y7.73
G1 X53.25 Y7.73
G1 X53.25 Y7.74
G1 X53.27 Y7.82
G1 X53.28 Y7.89
G1 X53.29 Y7.95
G1 X53.31 Y8.01
G1 X53.32 Y8.08
G1 X53.33 Y8.14
G1 X53.34 Y8.20
G1 X53.36 Y8.27
G1 X53.37 Y8.34
G1 X53.38 Y8.40
G1 X53.39 Y8.46
G1 X53.41 Y8.52
G1 X53.42 Y8.58
G1 X53.43 Y8.64
G1 X53.45 Y8.70
G1 X53.46 Y8.76
G1 X53.46 Y8.78
G1 X53.46 Y8.79
G1 X53.46 Y8.81
G1 X53.47 Y8.82
G1 X53.47 Y8.84
G1 X53.48 Y8.85
G1 X53.48 Y8.87
G1 X53.49 Y8.88
G1 X53.25 Y8.64
G1 X53.21 Y8.60
G1 X53.18 Y8.58
G1 X53.16 Y8.55
G1 X53.13 Y8.52
G1 X53.10 Y8.49
G1 X53.07 Y8.47
G1 X53.04 Y8.44
G1 X53.01 Y8.41
G1 X52.98 Y8.38
G1 X52.95 Y8.36
G1 X52.92 Y8.33
G1 X52.90 Y8.31
G1 X52.88 Y8.29
G1 X52.86 Y8.26
G1 X52.85 Y8.24
G1 X52.83 Y8.22
G1 X52.81 Y8.19
G1 X52.80 Y8.17
G1 X52.78 Y8.15
G1 X52.76 Y8.13
G1 X52.74 Y8.11
G1 X52.72 Y8.08
G1 X52.70 Y8.06
G1 X52.68 Y8.04
G1 X52.65 Y8.01
G1 X52.63 Y7.99
G1 X52.61 Y7.97
G1 X52.60 Y7.95
G1 X52.58 Y7.93
G1 X52.56 Y7.90
G1 X52.55 Y7.88
G1 X52.53 Y7.86
G1 X52.51 Y7.84
G1 X52.50 Y7.83
G1 X52.49 Y7.82
G1 X52.48 Y7.81
G1 X52.47 Y7.80
G1 X52.46 Y7.79
G1 X52.46 Y7.78
G1 X52.46 Y7.77
G1 X52.45 Y7.76
G1 X52.44 Y7.75
G1 X52.44 Y7.75
G1 X52.43 Y7.74
G1 X52.42 Y7.73
G1 X52.41 Y7.72
G1 X52.39 Y7.72
G1 X52.38 Y7.71
G1 X52.38 Y7.71
G1 X52.38 Y7.71
G1 X52.38 Y7.71
G1 X52.38 Y7.71
G1 X52.38 Y7.71
G1 X52.38 Y7.71
G1 X52.38 Y7.71
G1 X52.38 Y7.71
G1 X52.37 Y7.71
G1 X52.37 Y7.71
G1 X52.36 Y7.71
G1 X52.36 Y7.70
G1 X52.35 Y7.70
G1 X52.35 Y7.69
G1 X52.35 Y7.69
G1 X52.35 Y7.68
G1 X52.35 Y7.68
G1 X52.35 Y7.68
G1 X52.35 Y7.68
G1 X52.35 Y7.68
G1 X52.35 Y7.68
G1 X52.35 Y7.68
G1 X52.35 Y7.68
G1 X52.35 Y7.68
G1 X52.34 Y7.68
G1 X52.33 Y7.68
G1 X52.33 Y7.68
G1 X52.32 Y7.68
G1 X52.31 Y7.68
G1 X52.30 Y7.68
G1 X52.30 Y7.68
G1 X52.29 Y7.68
G1 X52.29 Y7.68
G1 X52.29 Y7.68
G1 X52.29 Y7.68
G1 X52.29 Y7.67
G1 X52.29 Y7.67
G1 X52.29 Y7.66
G1 X52.29 Y7.66
G1 X52.29 Y7.65
G1 X52.29 Y7.65
G1 X52.29 Y7.65
G1 X52.29 Y7.65
G1 X52.28 Y7.65
G1 X52.28 Y7.65
G1 X52.27 Y7.65
G1 X52.27 Y7.65
G1 X52.26 Y7.65
G1 X52.26 Y7.65
G1 X52.26 Y7.65
G1 X52.26 Y7.65
G1 X52.26 Y7.65
G1 X52.26 Y7.65
G1 X52.26 Y7.65
G1 X52.26 Y7.65
G1 X52.26 Y7.65
G1 X52.26 Y7.65
G1 X52.26 Y7.65
G1 X52.26 Y7.65
G1 X52.26 Y7.65
G1 X52.26 Y7.65
G1 X52.26 Y7.65
G1 X52.26 Y7.65
G1 X52.26 Y7.65
G1 X52.26 Y7.65
G1 X52.26 Y7.65
G1 X52.26 Y7.65
G1 X52.26 Y7.65
G1 X52.26 Y7.65
G1 X52.26 Y7.65
G1 X52.26 Y7.65
G1 X52.26 Y7.65
G1 X52.26 Y7.65
G1 X52.26 Y7.65
G1 X52.26 Y7.65
G1 X52.26 Y7.65
G1 X52.26 Y7.65
G1 X52.26 Y7.65
G1 X52.26 Y7.65
G1 X52.26 Y7.65
G1 X52.26 Y7.65
G1 X52.26 Y7.65
G1 X52.26 Y7.65
G1 X52.26 Y7.65
G1 X52.26 Y7.65
G1 X52.26 Y7.65
G1 X52.26 Y7.65
G1 X52.26 Y7.65
G1 X52.24 Y7.65
G1 X52.23 Y7.65
G1 X52.22 Y7.65
G1 X52.21 Y7.65
G1 X52.20 Y7.65
G1 X52.19 Y7.65
G1 X52.18 Y7.65
G1 X52.17 Y7.65
G1 X52.13 Y7.65
G1 X52.10 Y7.66
G1 X52.07 Y7.67
G1 X52.04 Y7.69
G1 X52.02 Y7.71
G1 X51.99 Y7.74
G1 X51.98 Y7.77
G1 X51.96 Y7.80
G1 X51.94 Y7.83
G1 X51.93 Y7.85
G1 X51.92 Y7.87
G1 X51.91 Y7.89
G1 X51.91 Y7.91
G1 X51.90 Y7.94
G1 X51.90 Y7.96
G1 X51.90 Y7.98
G1 X51.90 Y7.99
G1 X51.90 Y8.00
G1 X51.90 Y8.01
G1 X51.90 Y8.02
G1 X51.91 Y8.04
G1 X51.91 Y8.05
G1 X51.91 Y8.07
G1 X51.92 Y8.08
G1 X51.92 Y8.11
G1 X51.93 Y8.13
G1 X51.93 Y8.16
G1 X51.94 Y8.18
G1 X51.95 Y8.21
G1 X51.96 Y8.24
G1 X51.98 Y8.27
G1 X51.99 Y8.31
G1 X52.01 Y8.36
G1 X52.02 Y8.39
G1 X52.03 Y8.43
G1 X52.05 Y8.47
G1 X52.06 Y8.51
G1 X52.07 Y8.55
G1 X52.08 Y8.60
G1 X52.10 Y8.64
G1 X52.11 Y8.69
G1 X52.12 Y8.74
G1 X52.13 Y8.78
G1 X52.15 Y8.83
G1 X52.16 Y8.87
G1 X52.17 Y8.91
G1 X52.19 Y8.96
G1 X52.20 Y9.00
G1 X52.21 Y9.04
G1 X52.22 Y9.06
G1 X52.22 Y9.09
G1 X52.23 Y9.12
G1 X52.24 Y9.15
G1 X52.25 Y9.17
G1 X52.25 Y9.20
G1 X52.26 Y9.22
G1 X52.27 Y9.26
G1 X52.28 Y9.29
G1 X52.28 Y9.31
G1 X52.29 Y9.34
G1 X52.30 Y9.38
G1 X52.31 Y9.41
G1 X52.31 Y9.44
G1 X52.32 Y9.48
G1 X52.33 Y9.50
G1 X52.34 Y9.51
G1 X52.34 Y9.52
G1 X52.35 Y9.54
G1 X52.35 Y9.55
G1 X52.36 Y9.56
G1 X52.36 Y9.57
G1 X52.37 Y9.58
G1 X52.37 Y9.60
G1 X52.38 Y9.61
G1 X52.38 Y9.62
G1 X52.39 Y9.64
G1 X52.40 Y9.65
G1 X52.41 Y9.66
G1 X52.43 Y9.68
G1 X52.44 Y9.69
G1 X52.48 Y9.71
G1 X52.50 Y9.72
G1 X52.53 Y9.73
G1 X52.56 Y9.74
G1 X52.58 Y9.74
G1 X52.60 Y9.75
G1 X52.63 Y9.75
G1 X52.65 Y9.75
G1 X52.71 Y9.73
G1 X52.75 Y9.70
G1 X52.78 Y9.68
G1 X52.81 Y9.64
G1 X52.83 Y9.60
G1 X52.85 Y9.56
G1 X52.86 Y9.51
G1 X52.86 Y9.45
G1 X52.86 Y9.43
G1 X52.86 Y9.42
G1 X52.86 Y9.40
G1 X52.86 Y9.39
G1 X52.85 Y9.37
G1 X52.85 Y9.36
G1 X52.85 Y9.34
G1 X52.85 Y9.33
G1 X52.84 Y9.31
G1 X52.84 Y9.30
G1 X52.84 Y9.28
G1 X52.83 Y9.27
G1 X52.83 Y9.25
G1 X52.83 Y9.24
G1 X52.83 Y9.22
G1 X52.83 Y9.21
G1 X52.81 Y9.16
G1 X52.80 Y9.12
G1 X52.79 Y9.09
G1 X52.78 Y9.06
G1 X52.78 Y9.03
G1 X52.77 Y9.01
G1 X52.77 Y8.99
G1 X52.77 Y8.97
G1 X52.84 Y9.04
G1 X52.91 Y9.10
G1 X52.97 Y9.16
G1 X53.04 Y9.22
G1 X53.11 Y9.28
G1 X53.19 Y9.33
G1 X53.26 Y9.39
G1 X53.34 Y9.45
G1 X53.34 Y9.45
G1 X53.34 Y9.45
G1 X53.34 Y9.45
G1 X53.35 Y9.45
G1 X53.35 Y9.45
G1 X53.36 Y9.45
G1 X53.36 Y9.45
G1 X53.37 Y9.45
G1 X53.37 Y9.46
G1 X53.37 Y9.46
G1 X53.37 Y9.47
G1 X53.38 Y9.47
G1 X53.38 Y9.48
G1 X53.39 Y9.48
G1 X53.39 Y9.48
G1 X53.40 Y9.48
G1 X53.40 Y9.48
G1 X53.40 Y9.48
G1 X53.40 Y9.48
G1 X53.41 Y9.48
G1 X53.41 Y9.48
G1 X53.42 Y9.48
G1 X53.42 Y9.48
G1 X53.43 Y9.48
G1 X53.43 Y9.48
G1 X53.43 Y9.48
G1 X53.43 Y9.48
G1 X53.43 Y9.49
G1 X53.43 Y9.49
G1 X53.43 Y9.50
G1 X53.43 Y9.50
G1 X53.43 Y9.51
G1 X53.44 Y9.51
G1 X53.44 Y9.51
G1 X53.45 Y9.51
G1 X53.45 Y9.51
G1 X53.46 Y9.51
G1 X53.46 Y9.51
G1 X53.46 Y9.51
G1 X53.46 Y9.51
G1 X53.46 Y9.51
G1 X53.46 Y9.51
G1 X53.46 Y9.51
G1 X53.47 Y9.51
G1 X53.47 Y9.51
G1 X53.48 Y9.51
G1 X53.48 Y9.51
G1 X53.49 Y9.51
G1 X53.50 Y9.52
G1 X53.51 Y9.52
G1 X53.51 Y9.53
G1 X53.52 Y9.53
G1 X53.53 Y9.54
G1 X53.54 Y9.54
G1 X53.54 Y9.54
G1 X53.55 Y9.54
G1 X53.55 Y9.54
G1 X53.55 Y9.54
G1 X53.55 Y9.54
G1 X53.55 Y9.55
G1 X53.55 Y9.55
G1 X53.55 Y9.56
G1 X53.55 Y9.56
G1 X53.55 Y9.57
G1 X53.56 Y9.57
G1 X53.56 Y9.57
G1 X53.57 Y9.57
G1 X53.57 Y9.57
G1 X53.58 Y9.57
G1 X53.58 Y9.57
G1 X53.58 Y9.57
G1 X53.58 Y9.57
G1 X53.60 Y9.58
G1 X53.61 Y9.58
G1 X53.63 Y9.59
G1 X53.65 Y9.59
G1 X53.67 Y9.60
G1 X53.69 Y9.60
G1 X53.71 Y9.60
G1 X53.73 Y9.60
G1 X53.76 Y9.60
G1 X53.78 Y9.59
G1 X53.81 Y9.59
G1 X53.83 Y9.58
G1 X53.86 Y9.57
G1 X53.88 Y9.56
G1 X53.91 Y9.54
G1 X53.94 Y9.53
G1 X53.97 Y9.50
G1 X54.00 Y9.48
G1 X54.02 Y9.45
G1 X54.03 Y9.42
G1 X54.04 Y9.39
G1 X54.05 Y9.35
G1 X54.06 Y9.31
G1 X54.06 Y9.27
G1 X54.06 Y9.26
G1 X54.06 Y9.25
G1 X54.06 Y9.25
G1 X54.06 Y9.24
G1 X54.06 Y9.23
G1 X54.06 Y9.22
G1 X54.06 Y9.22
G1 X54.06 Y9.21
G1 X54.06 Y9.16
G1 X54.06 Y9.13
G1 X54.06 Y9.09
G1 X54.05 Y9.05
G1 X54.05 Y9.01
G1 X54.04 Y8.97
G1 X54.04 Y8.92
G1 X54.03 Y8.88
G1 X54.02 Y8.83
G1 X54.01 Y8.78
G1 X54.01 Y8.74
G1 X54.00 Y8.70
G1 X53.99 Y8.66
G1 X53.98 Y8.62
G1 X53.98 Y8.59
G1 X53.97 Y8.55
G1 X53.95 Y8.50
G1 X53.94 Y8.45
G1 X53.93 Y8.41
G1 X53.92 Y8.37
G1 X53.92 Y8.33
G1 X53.91 Y8.29
G1 X53.91 Y8.26
G1 X53.91 Y8.22
G1 X53.95 Y8.26
G1 X53.99 Y8.30
G1 X54.03 Y8.33
G1 X54.06 Y8.36
G1 X54.09 Y8.39
G1 X54.13 Y8.42
G1 X54.16 Y8.45
G1 X54.20 Y8.47
G1 X54.24 Y8.51
G1 X54.27 Y8.53
G1 X54.30 Y8.56
G1 X54.34 Y8.59
G1 X54.37 Y8.61
G1 X54.41 Y8.64
G1 X54.44 Y8.67
G1 X54.48 Y8.70
G1 X54.55 Y8.75
G1 X54.61 Y8.80
G1 X54.66 Y8.84
G1 X54.71 Y8.89
G1 X54.77 Y8.93
G1 X54.82 Y8.97
G1 X54.87 Y9.02
G1 X54.92 Y9.06
G1 X54.97 Y9.11
G1 X55.02 Y9.16
G1 X55.07 Y9.20
G1 X55.12 Y9.25
G1 X55.17 Y9.29
G1 X55.22 Y9.33
G1 X55.27 Y9.38
G1 X55.32 Y9.42
G1 X55.35 Y9.44
G1 X55.37 Y9.46
G1 X55.40 Y9.48
G1 X55.42 Y9.49
G1 X55.45 Y9.50
G1 X55.47 Y9.50
G1 X55.50 Y9.51
G1 X55.53 Y9.51
G1 X55.56 Y9.51
G1 X55.58 Y9.51
G1 X55.60 Y9.50
G1 X55.62 Y9.49
G1 X55.64 Y9.49
G1 X55.67 Y9.48
G1 X55.69 Y9.46
G1 X55.71 Y9.45
G1 X55.71 Y9.45
G0 Z3.00

G0 X80.58 Y19.32
G1 Z0.00 F1200
G1 X80.61 Y19.25
G1 X80.64 Y19.18
G1 X80.66 Y19.12
G1 X80.67 Y19.05
G1 X80.68 Y18.98
G1 X80.69 Y18.90
G1 X80.70 Y18.83
G1 X80.70 Y18.75
G1 X80.70 Y18.71
G1 X80.70 Y18.68
G1 X80.70 Y18.65
G1 X80.69 Y18.62
G1 X80.69 Y18.59
G1 X80.68 Y18.55
G1 X80.68 Y18.52
G1 X80.67 Y18.48
G1 X80.66 Y18.31
G1 X80.65 Y18.17
G1 X80.63 Y18.04
G1 X80.62 Y17.91
G1 X80.60 Y17.77
G1 X80.58 Y17.64
G1 X80.56 Y17.51
G1 X80.54 Y17.38
G1 X80.50 Y17.23
G1 X80.47 Y17.10
G1 X80.45 Y16.97
G1 X80.42 Y16.84
G1 X80.38 Y16.71
G1 X80.35 Y16.58
G1 X80.32 Y16.45
G1 X80.28 Y16.32
G1 X79.97 Y15.19
G1 X79.72 Y14.27
G1 X79.45 Y13.36
G1 X79.17 Y12.46
G1 X78.88 Y11.55
G1 X78.57 Y10.65
G1 X78.26 Y9.75
G1 X77.94 Y8.85
G1 X77.93 Y8.81
G1 X77.91 Y8.77
G1 X77.89 Y8.72
G1 X77.87 Y8.65
G1 X77.84 Y8.57
G1 X77.80 Y8.48
G1 X77.76 Y8.38
G1 X77.72 Y8.27
G1 X77.66 Y8.11
G1 X77.61 Y7.99
G1 X77.56 Y7.86
G1 X77.51 Y7.73
G1 X77.45 Y7.60
G1 X77.40 Y7.46
G1 X77.35 Y7.33
G1 X77.30 Y7.18
G1 X77.23 Y7.01
G1 X77.17 Y6.87
G1 X77.12 Y6.73
G1 X77.06 Y6.59
G1 X77.01 Y6.45
G1 X76.95 Y6.31
G1 X76.90 Y6.17
G1 X76.85 Y6.03
G1 X76.78 Y5.87
G1 X76.73 Y5.75
G1 X76.69 Y5.64
G1 X76.65 Y5.54
G1 X76.61 Y5.45
G1 X76.58 Y5.37
G1 X76.55 Y5.31
G1 X76.53 Y5.25
G1 X76.53 Y5.22
G1 X76.36 Y4.79
G1 X76.22 Y4.44
G1 X76.08 Y4.10
G1 X75.94 Y3.75
G1 X75.79 Y3.41
G1 X75.65 Y3.07
G1 X75.51 Y2.74
G1 X75.36 Y2.40
G1 X75.18 Y1.99
G1 X75.03 Y1.65
G1 X74.87 Y1.32
G1 X74.72 Y0.98
G1 X74.56 Y0.65
G1 X74.40 Y0.31
G1 X74.24 Y-0.02
G1 X74.07 Y-0.36
G1 X73.90 Y-0.72
G1 X73.76 Y-1.01
G1 X73.62 Y-1.29
G1 X73.47 Y-1.58
G1 X73.33 Y-1.86
G1 X73.18 Y-2.14
G1 X73.03 Y-2.42
G1 X72.89 Y-2.70
G1 X72.70 Y-3.04
G1 X72.54 Y-3.31
G1 X72.38 Y-3.59
G1 X72.21 Y-3.86
G1 X72.04 Y-4.13
G1 X71.86 Y-4.39
G1 X71.68 Y-4.66
G1 X71.49 Y-4.92
G1 X71.31 Y-5.18
G1 X71.17 Y-5.39
G1 X71.01 Y-5.59
G1 X70.85 Y-5.79
G1 X70.68 Y-5.99
G1 X70.51 Y-6.19
G1 X70.33 Y-6.38
G1 X70.14 Y-6.57
G1 X70.09 Y-6.62
G1 X70.04 Y-6.67
G1 X70.00 Y-6.71
G1 X69.95 Y-6.75
G1 X69.91 Y-6.79
G1 X69.86 Y-6.83
G1 X69.81 Y-6.87
G1 X69.77 Y-6.92
G1 X69.71 Y-6.96
G1 X69.66 Y-7.00
G1 X69.60 Y-7.04
G1 X69.55 Y-7.07
G1 X69.50 Y-7.11
G1 X69.44 Y-7.14
G1 X69.39 Y-7.17
G1 X69.33 Y-7.20
G1 X69.21 Y-7.26
G1 X69.12 Y-7.30
G1 X69.03 Y-7.33
G1 X68.94 Y-7.36
G1 X68.86 Y-7.38
G1 X68.77 Y-7.40
G1 X68.69 Y-7.41
G1 X68.61 Y-7.41
G1 X68.57 Y-7.41
G1 X68.55 Y-7.41
G1 X68.52 Y-7.41
G1 X68.49 Y-7.40
G1 X68.47 Y-7.40
G1 X68.45 Y-7.39
G1 X68.42 Y-7.39
G1 X68.40 Y-7.38
G1 X68.25 Y-7.34
G1 X68.14 Y-7.30
G1 X68.03 Y-7.24
G1 X67.93 Y-7.17
G1 X67.84 Y-7.08
G1 X67.75 Y-6.99
G1 X67.67 Y-6.87
G1 X67.59 Y-6.75
G1 X67.53 Y-6.60
G1 X67.49 Y-6.47
G1 X67.46 Y-6.34
G1 X67.43 Y-6.21
G1 X67.41 Y-6.08
G1 X67.39 Y-5.94
G1 X67.38 Y-5.81
G1 X67.38 Y-5.67
G1 X67.38 Y-5.63
G1 X67.38 Y-5.60
G1 X67.38 Y-5.58
G1 X67.38 Y-5.55
G1 X67.38 Y-5.52
G1 X67.38 Y-5.49
G1 X67.38 Y-5.46
G1 X67.38 Y-5.43
G1 X67.38 Y-5.23
G1 X67.39 Y-5.07
G1 X67.40 Y-4.91
G1 X67.42 Y-4.74
G1 X67.44 Y-4.58
G1 X67.47 Y-4.41
G1 X67.50 Y-4.25
G1 X67.53 Y-4.08
G1 X67.58 Y-3.87
G1 X67.62 Y-3.70
G1 X67.67 Y-3.53
G1 X67.72 Y-3.36
G1 X67.77 Y-3.19
G1 X67.83 Y-3.02
G1 X67.89 Y-2.84
G1 X67.95 Y-2.67
G1 X68.10 Y-2.30
G1 X68.22 Y-2.01
G1 X68.35 Y-1.72
G1 X68.48 Y-1.44
G1 X68.62 Y-1.15
G1 X68.76 Y-0.88
G1 X68.91 Y-0.60
G1 X69.06 Y-0.33
G1 X69.25 Y0.00
G1 X69.41 Y0.27
G1 X69.58 Y0.53
G1 X69.75 Y0.80
G1 X69.92 Y1.06
G1 X70.10 Y1.32
G1 X70.28 Y1.57
G1 X70.47 Y1.83
G1 X71.16 Y2.73
G1 X71.74 Y3.42
G1 X72.35 Y4.08
G1 X72.99 Y4.71
G1 X73.66 Y5.30
G1 X74.35 Y5.86
G1 X75.07 Y6.38
G1 X75.81 Y6.87
G1 X75.98 Y6.97
G1 X76.11 Y7.05
G1 X76.24 Y7.13
G1 X76.36 Y7.21
G1 X76.49 Y7.29
G1 X76.60 Y7.37
G1 X76.72 Y7.45
G1 X76.83 Y7.53
G1 X76.86 Y7.55
G1 X76.89 Y7.56
G1 X76.91 Y7.58
G1 X76.92 Y7.60
G1 X76.93 Y7.62
G1 X76.94 Y7.64
G1 X76.95 Y7.66
G1 X76.95 Y7.68
G1 X77.21 Y8.36
G1 X77.41 Y8.90
G1 X77.61 Y9.45
G1 X77.81 Y10.00
G1 X78.00 Y10.55
G1 X78.19 Y11.10
G1 X78.37 Y11.66
G1 X78.56 Y12.21
G1 X78.77 Y12.90
G1 X78.94 Y13.45
G1 X79.11 Y14.01
G1 X79.28 Y14.57
G1 X79.43 Y15.13
G1 X79.59 Y15.70
G1 X79.74 Y16.26
G1 X79.89 Y16.83
G1 X79.94 Y17.05
G1 X79.98 Y17.22
G1 X80.02 Y17.40
G1 X80.05 Y17.58
G1 X80.08 Y17.76
G1 X80.11 Y17.94
G1 X80.14 Y18.12
G1 X80.16 Y18.30
G1 X80.17 Y18.34
G1 X80.17 Y18.38
G1 X80.18 Y18.42
G1 X80.18 Y18.45
G1 X80.19 Y18.49
G1 X80.19 Y18.53
G1 X80.19 Y18.56
G1 X80.19 Y18.60
G1 X80.19 Y18.66
G1 X80.19 Y18.71
G1 X80.18 Y18.77
G1 X80.17 Y18.82
G1 X80.17 Y18.87
G1 X80.16 Y18.92
G1 X80.14 Y18.97
G1 X80.13 Y19.02
G1 X80.12 Y19.10
G1 X80.10 Y19.16
G1 X80.08 Y19.21
G1 X80.05 Y19.25
G1 X80.02 Y19.28
G1 X79.98 Y19.30
G1 X79.94 Y19.32
G1 X79.89 Y19.32
G1 X79.86 Y19.32
G1 X79.84 Y19.32
G1 X79.81 Y19.31
G1 X79.79 Y19.30
G1 X79.76 Y19.30
G1 X79.74 Y19.29
G1 X79.71 Y19.27
G1 X79.68 Y19.26
G1 X79.56 Y19.22
G1 X79.47 Y19.17
G1 X79.37 Y19.12
G1 X79.27 Y19.06
G1 X79.17 Y18.99
G1 X79.07 Y18.91
G1 X78.97 Y18.82
G1 X78.87 Y18.72
G1 X78.72 Y18.59
G1 X78.60 Y18.49
G1 X78.49 Y18.38
G1 X78.37 Y18.26
G1 X78.26 Y18.15
G1 X78.16 Y18.03
G1 X78.05 Y17.91
G1 X77.96 Y17.79
G1 X77.83 Y17.64
G1 X77.73 Y17.51
G1 X77.63 Y17.39
G1 X77.53 Y17.27
G1 X77.43 Y17.14
G1 X77.33 Y17.02
G1 X77.23 Y16.89
G1 X77.13 Y16.77
G1 X76.80 Y16.34
G1 X76.54 Y15.98
G1 X76.28 Y15.63
G1 X76.03 Y15.27
G1 X75.78 Y14.91
G1 X75.54 Y14.56
G1 X75.30 Y14.19
G1 X75.06 Y13.83
G1 X74.77 Y13.38
G1 X74.55 Y13.01
G1 X74.32 Y12.64
G1 X74.10 Y12.26
G1 X73.88 Y11.89
G1 X73.66 Y11.51
G1 X73.44 Y11.12
G1 X73.23 Y10.74
G1 X72.94 Y10.18
G1 X72.70 Y9.73
G1 X72.47 Y9.27
G1 X72.24 Y8.82
G1 X72.02 Y8.36
G1 X71.80 Y7.91
G1 X71.58 Y7.45
G1 X71.37 Y6.99
G1 X71.11 Y6.42
G1 X70.91 Y5.96
G1 X70.71 Y5.49
G1 X70.52 Y5.02
G1 X70.34 Y4.55
G1 X70.16 Y4.08
G1 X69.98 Y3.60
G1 X69.81 Y3.12
G1 X69.77 Y3.02
G1 X69.73 Y2.94
G1 X69.70 Y2.85
G1 X69.68 Y2.77
G1 X69.65 Y2.68
G1 X69.63 Y2.59
G1 X69.60 Y2.51
G1 X69.59 Y2.42
G1 X69.56 Y2.30
G1 X69.54 Y2.21
G1 X69.52 Y2.12
G1 X69.50 Y2.03
G1 X69.47 Y1.93
G1 X69.45 Y1.84
G1 X69.42 Y1.74
G1 X69.39 Y1.65
G1 X69.37 Y1.58
G1 X69.36 Y1.52
G1 X69.34 Y1.46
G1 X69.32 Y1.40
G1 X69.31 Y1.34
G1 X69.29 Y1.28
G1 X69.27 Y1.22
G1 X69.26 Y1.16
G1 X69.23 Y1.08
G1 X69.22 Y1.02
G1 X69.20 Y0.96
G1 X69.18 Y0.90
G1 X69.17 Y0.84
G1 X69.15 Y0.78
G1 X69.13 Y0.72
G1 X69.12 Y0.66
G1 X69.12 Y0.65
G1 X69.12 Y0.64
G1 X69.12 Y0.64
G1 X69.12 Y0.63
G1 X69.11 Y0.63
G1 X69.11 Y0.62
G1 X69.11 Y0.62
G1 X69.11 Y0.61
G1 X69.10 Y0.61
G1 X69.10 Y0.60
G1 X69.10 Y0.60
G1 X69.09 Y0.59
G1 X69.09 Y0.58
G1 X69.09 Y0.57
G1 X69.09 Y0.55
G1 X69.09 Y0.54
G1 X69.05 Y0.48
G1 X69.02 Y0.44
G1 X69.00 Y0.41
G1 X68.97 Y0.38
G1 X68.94 Y0.36
G1 X68.91 Y0.34
G1 X68.88 Y0.33
G1 X68.85 Y0.33
G1 X68.83 Y0.33
G1 X68.82 Y0.33
G1 X68.81 Y0.33
G1 X68.80 Y0.34
G1 X68.79 Y0.34
G1 X68.78 Y0.35
G1 X68.77 Y0.35
G1 X68.76 Y0.36
G1 X68.71 Y0.38
G1 X68.68 Y0.40
G1 X68.65 Y0.43
G1 X68.62 Y0.45
G1 X68.60 Y0.48
G1 X68.59 Y0.52
G1 X68.58 Y0.56
G1 X68.58 Y0.60
G1 X68.58 Y0.61
G1 X68.58 Y0.62
G1 X68.58 Y0.63
G1 X68.58 Y0.64
G1 X68.58 Y0.65
G1 X68.58 Y0.66
G1 X68.58 Y0.68
G1 X68.58 Y0.69
G1 X68.60 Y0.79
G1 X68.61 Y0.87
G1 X68.63 Y0.94
G1 X68.65 Y1.02
G1 X68.66 Y1.10
G1 X68.68 Y1.17
G1 X68.70 Y1.25
G1 X68.72 Y1.32
G1 X68.74 Y1.41
G1 X68.76 Y1.48
G1 X68.78 Y1.56
G1 X68.80 Y1.63
G1 X68.82 Y1.70
G1 X68.84 Y1.77
G1 X68.86 Y1.85
G1 X68.88 Y1.92
G1 X68.99 Y2.24
G1 X69.07 Y2.51
G1 X69.15 Y2.77
G1 X69.22 Y3.04
G1 X69.30 Y3.31
G1 X69.36 Y3.57
G1 X69.43 Y3.84
G1 X69.50 Y4.11
G1 X69.57 Y4.44
G1 X69.63 Y4.71
G1 X69.69 Y4.99
G1 X69.75 Y5.26
G1 X69.81 Y5.53
G1 X69.87 Y5.81
G1 X69.93 Y6.08
G1 X69.99 Y6.36
G1 X70.17 Y7.11
G1 X70.32 Y7.71
G1 X70.47 Y8.31
G1 X70.62 Y8.91
G1 X70.77 Y9.51
G1 X70.92 Y10.11
G1 X71.08 Y10.71
G1 X71.24 Y11.31
G1 X71.43 Y12.05
G1 X71.59 Y12.65
G1 X71.75 Y13.24
G1 X71.91 Y13.84
G1 X72.07 Y14.44
G1 X72.24 Y15.04
G1 X72.40 Y15.63
G1 X72.57 Y16.23
G1 X72.70 Y16.67
G1 X72.80 Y17.03
G1 X72.90 Y17.38
G1 X73.00 Y17.74
G1 X73.10 Y18.09
G1 X73.21 Y18.45
G1 X73.31 Y18.80
G1 X73.41 Y19.15
G1 X73.54 Y19.59
G1 X73.64 Y19.95
G1 X73.74 Y20.30
G1 X73.84 Y20.66
G1 X73.94 Y21.01
G1 X74.05 Y21.37
G1 X74.15 Y21.72
G1 X74.25 Y22.08
G1 X74.25 Y22.10
G1 X74.25 Y22.12
G1 X74.26 Y22.14
G1 X74.27 Y22.16
G1 X74.27 Y22.18
G1 X74.28 Y22.21
G1 X74.30 Y22.23
G1 X74.31 Y22.26
G1 X74.33 Y22.30
G1 X74.35 Y22.33
G1 X74.37 Y22.35
G1 X74.40 Y22.37
G1 X74.42 Y22.39
G1 X74.45 Y22.40
G1 X74.48 Y22.41
G1 X74.52 Y22.41
G1 X74.53 Y22.41
G1 X74.54 Y22.41
G1 X74.55 Y22.41
G1 X74.56 Y22.41
G1 X74.57 Y22.41
G1 X74.58 Y22.41
G1 X74.60 Y22.41
G1 X74.61 Y22.41
G1 X74.65 Y22.39
G1 X74.68 Y22.37
G1 X74.70 Y22.34
G1 X74.72 Y22.32
G1 X74.74 Y22.29
G1 X74.75 Y22.25
G1 X74.76 Y22.21
G1 X74.76 Y22.17
G1 X74.76 Y22.16
G1 X74.76 Y22.15
G1 X74.76 Y22.14
G1 X74.76 Y22.13
G1 X74.76 Y22.12
G1 X74.76 Y22.11
G1 X74.76 Y22.09
G1 X74.76 Y22.08
G1 X74.73 Y21.98
G1 X74.71 Y21.90
G1 X74.69 Y21.82
G1 X74.67 Y21.74
G1 X74.65 Y21.67
G1 X74.62 Y21.59
G1 X74.60 Y21.51
G1 X74.58 Y21.43
G1 X74.55 Y21.34
G1 X74.53 Y21.26
G1 X74.51 Y21.19
G1 X74.49 Y21.11
G1 X74.47 Y21.03
G1 X74.44 Y20.95
G1 X74.42 Y20.87
G1 X74.40 Y20.79
G1 X74.18 Y20.02
G1 X73.99 Y19.39
G1 X73.81 Y18.77
G1 X73.63 Y18.14
G1 X73.45 Y17.52
G1 X73.27 Y16.89
G1 X73.09 Y16.27
G1 X72.92 Y15.64
G1 X72.70 Y14.87
G1 X72.52 Y14.25
G1 X72.35 Y13.62
G1 X72.18 Y12.99
G1 X72.01 Y12.35
G1 X71.84 Y11.72
G1 X71.68 Y11.08
G1 X71.52 Y10.44
G1 X71.44 Y10.13
G1 X71.38 Y9.89
G1 X71.31 Y9.64
G1 X71.25 Y9.39
G1 X71.19 Y9.15
G1 X71.13 Y8.90
G1 X71.07 Y8.66
G1 X71.01 Y8.41
G1 X70.94 Y8.11
G1 X70.88 Y7.87
G1 X70.82 Y7.62
G1 X70.76 Y7.38
G1 X70.70 Y7.13
G1 X70.65 Y6.88
G1 X70.59 Y6.64
G1 X70.53 Y6.39
G1 X70.53 Y6.39
G1 X70.53 Y6.39
G1 X70.53 Y6.39
G1 X70.53 Y6.39
G1 X70.53 Y6.39
G1 X70.53 Y6.39
G1 X70.53 Y6.39
G1 X70.53 Y6.39
G1 X70.53 Y6.39
G1 X70.53 Y6.39
G1 X70.53 Y6.39
G1 X70.53 Y6.39
G1 X70.53 Y6.39
G1 X70.53 Y6.39
G1 X70.53 Y6.39
G1 X70.53 Y6.39
G1 X70.53 Y6.39
G1 X70.53 Y6.39
G1 X70.53 Y6.39
G1 X70.53 Y6.39
G1 X70.53 Y6.39
G1 X70.53 Y6.39
G1 X70.53 Y6.39
G1 X70.53 Y6.39
G1 X70.53 Y6.39
G1 X70.53 Y6.39
G1 X70.53 Y6.39
G1 X70.53 Y6.39
G1 X70.53 Y6.39
G1 X70.53 Y6.39
G1 X70.53 Y6.39
G1 X70.53 Y6.39
G1 X70.53 Y6.39
G1 X70.53 Y6.39
G1 X70.53 Y6.39
G1 X70.53 Y6.39
G1 X70.53 Y6.39
G1 X70.53 Y6.39
G1 X70.53 Y6.39
G1 X70.53 Y6.39
G1 X70.53 Y6.39
G1 X70.53 Y6.39
G1 X70.53 Y6.39
G1 X70.53 Y6.39
G1 X70.53 Y6.39
G1 X70.53 Y6.39
G1 X70.53 Y6.39
G1 X70.53 Y6.39
G1 X70.53 Y6.38
G1 X70.53 Y6.38
G1 X70.53 Y6.37
G1 X70.53 Y6.37
G1 X70.53 Y6.36
G1 X70.53 Y6.36
G1 X70.53 Y6.36
G1 X70.53 Y6.36
G1 X70.53 Y6.36
G1 X70.53 Y6.36
G1 X70.53 Y6.36
G1 X70.52 Y6.36
G1 X70.52 Y6.36
G1 X70.51 Y6.36
G1 X70.51 Y6.36
G1 X70.50 Y6.36
G1 X70.50 Y6.36
G1 X70.50 Y6.36
G1 X70.50 Y6.36
G1 X70.50 Y6.35
G1 X70.50 Y6.35
G1 X70.50 Y6.34
G1 X70.50 Y6.34
G1 X70.50 Y6.33
G1 X70.50 Y6.33
G1 X70.50 Y6.33
G1 X70.50 Y6.33
G1 X70.50 Y6.33
G1 X70.50 Y6.33
G1 X70.50 Y6.33
G1 X70.50 Y6.33
G1 X70.50 Y6.33
G1 X70.53 Y6.33
G1 X70.55 Y6.35
G1 X70.56 Y6.36
G1 X70.57 Y6.38
G1 X70.58 Y6.40
G1 X70.58 Y6.42
G1 X70.59 Y6.44
G1 X70.59 Y6.46
G1 X70.59 Y6.48
G1 X70.91 Y7.18
G1 X71.17 Y7.74
G1 X71.44 Y8.30
G1 X71.71 Y8.85
G1 X71.99 Y9.40
G1 X72.27 Y9.95
G1 X72.55 Y10.49
G1 X72.84 Y11.03
G1 X73.21 Y11.68
G1 X73.51 Y12.22
G1 X73.82 Y12.75
G1 X74.14 Y13.27
G1 X74.46 Y13.80
G1 X74.79 Y14.32
G1 X75.13 Y14.84
G1 X75.48 Y15.36
G1 X75.64 Y15.59
G1 X75.78 Y15.78
G1 X75.91 Y15.97
G1 X76.04 Y16.16
G1 X76.18 Y16.35
G1 X76.31 Y16.53
G1 X76.45 Y16.72
G1 X76.59 Y16.91
G1 X76.76 Y17.13
G1 X76.91 Y17.32
G1 X77.05 Y17.50
G1 X77.20 Y17.68
G1 X77.35 Y17.86
G1 X77.50 Y18.04
G1 X77.66 Y18.21
G1 X77.82 Y18.39
G1 X77.97 Y18.55
G1 X78.09 Y18.68
G1 X78.22 Y18.80
G1 X78.35 Y18.92
G1 X78.48 Y19.04
G1 X78.62 Y19.16
G1 X78.76 Y19.27
G1 X78.90 Y19.38
G1 X78.95 Y19.42
G1 X79.00 Y19.46
G1 X79.04 Y19.49
G1 X79.09 Y19.52
G1 X79.13 Y19.55
G1 X79.17 Y19.58
G1 X79.22 Y19.61
G1 X79.26 Y19.63
G1 X79.32 Y19.67
G1 X79.36 Y19.69
G1 X79.41 Y19.71
G1 X79.46 Y19.73
G1 X79.51 Y19.75
G1 X79.57 Y19.77
G1 X79.62 Y19.78
G1 X79.68 Y19.80
G1 X79.72 Y19.81
G1 X79.75 Y19.81
G1 X79.77 Y19.82
G1 X79.80 Y19.82
G1 X79.83 Y19.83
G1 X79.86 Y19.83
G1 X79.89 Y19.83
G1 X79.92 Y19.83
G1 X80.06 Y19.82
G1 X80.16 Y19.79
G1 X80.25 Y19.75
G1 X80.33 Y19.70
G1 X80.41 Y19.62
G1 X80.47 Y19.54
G1 X80.53 Y19.44
G1 X80.58 Y19.32
G1 X80.58 Y19.32
G0 Z3.00

G0 X76.53 Y6.51
G1 Z0.00 F1200
G1 X76.55 Y6.56
G1 X76.56 Y6.60
G1 X76.57 Y6.63
G1 X76.58 Y6.66
G1 X76.59 Y6.69
G1 X76.60 Y6.71
G1 X76.61 Y6.73
G1 X76.62 Y6.75
G1 X76.61 Y6.75
G1 X76.61 Y6.75
G1 X76.60 Y6.75
G1 X76.60 Y6.76
G1 X76.59 Y6.76
G1 X76.59 Y6.77
G1 X76.59 Y6.77
G1 X76.59 Y6.78
G1 X76.57 Y6.77
G1 X76.56 Y6.76
G1 X76.54 Y6.76
G1 X76.53 Y6.75
G1 X76.51 Y6.74
G1 X76.50 Y6.73
G1 X76.48 Y6.73
G1 X76.47 Y6.72
G1 X76.46 Y6.71
G1 X76.45 Y6.70
G1 X76.45 Y6.70
G1 X76.44 Y6.69
G1 X76.43 Y6.68
G1 X76.42 Y6.67
G1 X76.42 Y6.67
G1 X76.41 Y6.66
G1 X76.40 Y6.65
G1 X76.39 Y6.64
G1 X76.38 Y6.64
G1 X76.37 Y6.63
G1 X76.36 Y6.62
G1 X76.35 Y6.61
G1 X76.33 Y6.61
G1 X76.32 Y6.60
G1 X76.31 Y6.59
G1 X76.30 Y6.58
G1 X76.29 Y6.58
G1 X76.28 Y6.57
G1 X76.27 Y6.56
G1 X76.26 Y6.55
G1 X76.24 Y6.55
G1 X76.23 Y6.54
G1 X76.04 Y6.41
G1 X75.89 Y6.31
G1 X75.74 Y6.21
G1 X75.59 Y6.10
G1 X75.44 Y6.00
G1 X75.28 Y5.90
G1 X75.13 Y5.79
G1 X74.99 Y5.68
G1 X74.80 Y5.55
G1 X74.65 Y5.44
G1 X74.50 Y5.33
G1 X74.36 Y5.22
G1 X74.21 Y5.10
G1 X74.06 Y4.98
G1 X73.92 Y4.86
G1 X73.77 Y4.74
G1 X73.43 Y4.44
G1 X73.17 Y4.19
G1 X72.91 Y3.94
G1 X72.65 Y3.69
G1 X72.41 Y3.43
G1 X72.16 Y3.16
G1 X71.93 Y2.90
G1 X71.70 Y2.62
G1 X71.42 Y2.28
G1 X71.21 Y2.00
G1 X70.99 Y1.72
G1 X70.78 Y1.43
G1 X70.58 Y1.14
G1 X70.38 Y0.84
G1 X70.18 Y0.54
G1 X69.99 Y0.24
G1 X69.84 Y-0.01
G1 X69.72 Y-0.22
G1 X69.60 Y-0.42
G1 X69.49 Y-0.63
G1 X69.37 Y-0.83
G1 X69.26 Y-1.04
G1 X69.15 Y-1.25
G1 X69.05 Y-1.45
G1 X68.92 Y-1.71
G1 X68.82 Y-1.92
G1 X68.72 Y-2.14
G1 X68.63 Y-2.35
G1 X68.53 Y-2.57
G1 X68.45 Y-2.79
G1 X68.36 Y-3.02
G1 X68.28 Y-3.24
G1 X68.22 Y-3.43
G1 X68.17 Y-3.58
G1 X68.13 Y-3.72
G1 X68.09 Y-3.86
G1 X68.06 Y-4.00
G1 X68.02 Y-4.14
G1 X67.99 Y-4.28
G1 X67.97 Y-4.41
G1 X67.94 Y-4.57
G1 X67.92 Y-4.69
G1 X67.90 Y-4.82
G1 X67.88 Y-4.93
G1 X67.87 Y-5.05
G1 X67.87 Y-5.16
G1 X67.86 Y-5.27
G1 X67.86 Y-5.37
G1 X67.86 Y-5.44
G1 X67.86 Y-5.50
G1 X67.86 Y-5.55
G1 X67.87 Y-5.61
G1 X67.87 Y-5.66
G1 X67.88 Y-5.72
G1 X67.88 Y-5.77
G1 X67.89 Y-5.82
G1 X67.89 Y-5.94
G1 X67.90 Y-6.04
G1 X67.92 Y-6.13
G1 X67.94 Y-6.22
G1 X67.96 Y-6.31
G1 X67.99 Y-6.39
G1 X68.03 Y-6.47
G1 X68.07 Y-6.54
G1 X68.12 Y-6.62
G1 X68.16 Y-6.67
G1 X68.21 Y-6.72
G1 X68.26 Y-6.77
G1 X68.31 Y-6.81
G1 X68.37 Y-6.85
G1 X68.43 Y-6.88
G1 X68.49 Y-6.90
G1 X68.50 Y-6.90
G1 X68.51 Y-6.90
G1 X68.52 Y-6.90
G1 X68.53 Y-6.90
G1 X68.54 Y-6.90
G1 X68.55 Y-6.90
G1 X68.57 Y-6.90
G1 X68.58 Y-6.90
G1 X68.66 Y-6.90
G1 X68.73 Y-6.89
G1 X68.79 Y-6.88
G1 X68.86 Y-6.86
G1 X68.92 Y-6.84
G1 X68.99 Y-6.81
G1 X69.05 Y-6.78
G1 X69.12 Y-6.75
G1 X69.23 Y-6.69
G1 X69.31 Y-6.63
G1 X69.38 Y-6.58
G1 X69.46 Y-6.53
G1 X69.53 Y-6.47
G1 X69.60 Y-6.41
G1 X69.66 Y-6.36
G1 X69.72 Y-6.30
G1 X69.82 Y-6.20
G1 X69.90 Y-6.12
G1 X69.97 Y-6.04
G1 X70.05 Y-5.95
G1 X70.13 Y-5.87
G1 X70.20 Y-5.78
G1 X70.28 Y-5.70
G1 X70.35 Y-5.61
G1 X70.44 Y-5.50
G1 X70.51 Y-5.41
G1 X70.59 Y-5.32
G1 X70.66 Y-5.23
G1 X70.73 Y-5.14
G1 X70.80 Y-5.05
G1 X70.88 Y-4.95
G1 X70.95 Y-4.86
G1 X71.15 Y-4.56
G1 X71.32 Y-4.32
G1 X71.48 Y-4.07
G1 X71.64 Y-3.83
G1 X71.79 Y-3.58
G1 X71.94 Y-3.33
G1 X72.09 Y-3.07
G1 X72.24 Y-2.82
G1 X72.42 Y-2.50
G1 X72.56 Y-2.25
G1 X72.70 Y-1.99
G1 X72.84 Y-1.73
G1 X72.98 Y-1.47
G1 X73.11 Y-1.21
G1 X73.25 Y-0.95
G1 X73.38 Y-0.69
G1 X73.64 Y-0.15
G1 X73.84 Y0.29
G1 X74.05 Y0.72
G1 X74.25 Y1.16
G1 X74.44 Y1.59
G1 X74.64 Y2.03
G1 X74.83 Y2.46
G1 X75.02 Y2.90
G1 X75.24 Y3.43
G1 X75.43 Y3.87
G1 X75.61 Y4.30
G1 X75.80 Y4.74
G1 X75.98 Y5.18
G1 X76.16 Y5.62
G1 X76.35 Y6.07
G1 X76.53 Y6.51
G1 X76.53 Y6.51
G0 Z3.00

G0 X83.25 Y9.51
G1 Z0.00 F1200
G1 X83.29 Y9.50
G1 X83.32 Y9.49
G1 X83.35 Y9.47
G1 X83.38 Y9.46
G1 X83.40 Y9.44
G1 X83.43 Y9.42
G1 X83.44 Y9.40
G1 X83.46 Y9.38
G1 X83.48 Y9.34
G1 X83.49 Y9.32
G1 X83.50 Y9.30
G1 X83.51 Y9.28
G1 X83.51 Y9.26
G1 X83.52 Y9.24
G1 X83.52 Y9.23
G1 X83.52 Y9.21
G1 X83.52 Y9.19
G1 X83.52 Y9.18
G1 X83.51 Y9.16
G1 X83.50 Y9.14
G1 X83.50 Y9.12
G1 X83.49 Y9.10
G1 X83.47 Y9.08
G1 X83.46 Y9.06
G1 X83.44 Y9.03
G1 X83.43 Y9.01
G1 X83.41 Y8.99
G1 X83.40 Y8.97
G1 X83.38 Y8.95
G1 X83.37 Y8.93
G1 X83.35 Y8.91
G1 X83.34 Y8.89
G1 X83.32 Y8.87
G1 X83.31 Y8.86
G1 X83.29 Y8.84
G1 X83.28 Y8.82
G1 X83.26 Y8.81
G1 X83.25 Y8.79
G1 X83.23 Y8.77
G1 X83.22 Y8.76
G1 X83.14 Y8.66
G1 X83.07 Y8.58
G1 X83.01 Y8.50
G1 X82.94 Y8.42
G1 X82.88 Y8.34
G1 X82.81 Y8.26
G1 X82.75 Y8.18
G1 X82.68 Y8.10
G1 X82.60 Y8.00
G1 X82.53 Y7.92
G1 X82.47 Y7.84
G1 X82.40 Y7.76
G1 X82.34 Y7.68
G1 X82.27 Y7.60
G1 X82.21 Y7.52
G1 X82.14 Y7.44
G1 X82.09 Y7.39
G1 X82.06 Y7.35
G1 X82.02 Y7.31
G1 X81.99 Y7.28
G1 X81.95 Y7.25
G1 X81.91 Y7.22
G1 X81.88 Y7.19
G1 X81.84 Y7.17
G1 X81.79 Y7.15
G1 X81.74 Y7.13
G1 X81.70 Y7.11
G1 X81.66 Y7.10
G1 X81.62 Y7.09
G1 X81.58 Y7.09
G1 X81.55 Y7.08
G1 X81.51 Y7.08
G1 X81.44 Y7.09
G1 X81.39 Y7.11
G1 X81.34 Y7.14
G1 X81.29 Y7.18
G1 X81.24 Y7.23
G1 X81.20 Y7.29
G1 X81.16 Y7.36
G1 X81.12 Y7.44
G1 X81.10 Y7.48
G1 X81.09 Y7.50
G1 X81.08 Y7.53
G1 X81.07 Y7.56
G1 X81.07 Y7.58
G1 X81.06 Y7.60
G1 X81.06 Y7.63
G1 X81.06 Y7.65
G1 X81.06 Y7.68
G1 X81.06 Y7.70
G1 X81.06 Y7.73
G1 X81.05 Y7.75
G1 X81.05 Y7.78
G1 X81.04 Y7.80
G1 X81.04 Y7.83
G1 X81.03 Y7.86
G1 X81.03 Y8.04
G1 X80.97 Y7.97
G1 X80.92 Y7.91
G1 X80.87 Y7.86
G1 X80.81 Y7.80
G1 X80.76 Y7.75
G1 X80.71 Y7.69
G1 X80.66 Y7.64
G1 X80.61 Y7.59
G1 X80.56 Y7.54
G1 X80.51 Y7.50
G1 X80.47 Y7.46
G1 X80.42 Y7.42
G1 X80.38 Y7.38
G1 X80.33 Y7.34
G1 X80.28 Y7.31
G1 X80.23 Y7.27
G1 X80.18 Y7.24
G1 X80.13 Y7.21
G1 X80.09 Y7.19
G1 X80.05 Y7.17
G1 X80.02 Y7.16
G1 X79.98 Y7.15
G1 X79.95 Y7.14
G1 X79.92 Y7.14
G1 X79.91 Y7.14
G1 X79.90 Y7.14
G1 X79.90 Y7.14
G1 X79.89 Y7.14
G1 X79.88 Y7.14
G1 X79.87 Y7.14
G1 X79.87 Y7.14
G1 X79.86 Y7.14
G1 X79.77 Y7.17
G1 X79.71 Y7.20
G1 X79.66 Y7.24
G1 X79.61 Y7.28
G1 X79.56 Y7.33
G1 X79.53 Y7.38
G1 X79.49 Y7.44
G1 X79.47 Y7.50
G1 X79.45 Y7.58
G1 X79.43 Y7.65
G1 X79.41 Y7.71
G1 X79.40 Y7.78
G1 X79.39 Y7.84
G1 X79.39 Y7.91
G1 X79.38 Y7.97
G1 X79.38 Y8.04
G1 X79.37 Y8.09
G1 X79.37 Y8.14
G1 X79.36 Y8.18
G1 X79.36 Y8.22
G1 X79.35 Y8.26
G1 X79.35 Y8.30
G1 X79.35 Y8.33
G1 X79.35 Y8.37
G1 X79.35 Y8.43
G1 X79.35 Y8.49
G1 X79.36 Y8.54
G1 X79.37 Y8.60
G1 X79.37 Y8.66
G1 X79.38 Y8.72
G1 X79.40 Y8.79
G1 X79.41 Y8.85
G1 X79.43 Y8.93
G1 X79.45 Y9.00
G1 X79.47 Y9.08
G1 X79.49 Y9.15
G1 X79.51 Y9.23
G1 X79.54 Y9.31
G1 X79.56 Y9.39
G1 X79.59 Y9.48
G1 X79.60 Y9.49
G1 X79.60 Y9.50
G1 X79.61 Y9.51
G1 X79.61 Y9.52
G1 X79.62 Y9.53
G1 X79.62 Y9.54
G1 X79.62 Y9.56
G1 X79.62 Y9.57
G1 X79.65 Y9.61
G1 X79.67 Y9.64
G1 X79.70 Y9.66
G1 X79.73 Y9.68
G1 X79.76 Y9.70
G1 X79.79 Y9.71
G1 X79.82 Y9.72
G1 X79.86 Y9.72
G1 X79.89 Y9.72
G1 X79.91 Y9.72
G1 X79.93 Y9.72
G1 X79.94 Y9.71
G1 X79.96 Y9.71
G1 X79.98 Y9.70
G1 X79.99 Y9.70
G1 X80.01 Y9.69
G1 X80.05 Y9.65
G1 X80.08 Y9.62
G1 X80.10 Y9.59
G1 X80.12 Y9.55
G1 X80.14 Y9.51
G1 X80.15 Y9.47
G1 X80.16 Y9.43
G1 X80.16 Y9.39
G1 X80.16 Y9.38
G1 X80.16 Y9.37
G1 X80.16 Y9.36
G1 X80.16 Y9.35
G1 X80.16 Y9.34
G1 X80.16 Y9.33
G1 X80.16 Y9.31
G1 X80.16 Y9.30
G1 X80.14 Y9.26
G1 X80.13 Y9.22
G1 X80.12 Y9.19
G1 X80.11 Y9.15
G1 X80.10 Y9.12
G1 X80.09 Y9.09
G1 X80.09 Y9.06
G1 X80.09 Y9.03
G1 X80.08 Y8.99
G1 X80.07 Y8.96
G1 X80.07 Y8.93
G1 X80.06 Y8.90
G1 X80.05 Y8.87
G1 X80.04 Y8.83
G1 X80.02 Y8.80
G1 X80.01 Y8.76
G1 X80.00 Y8.72
G1 X79.99 Y8.69
G1 X79.99 Y8.65
G1 X79.98 Y8.61
G1 X79.98 Y8.56
G1 X79.97 Y8.52
G1 X79.97 Y8.47
G1 X79.97 Y8.41
G1 X79.96 Y8.35
G1 X79.96 Y8.30
G1 X79.96 Y8.26
G1 X79.95 Y8.22
G1 X79.95 Y8.18
G1 X79.95 Y8.15
G1 X79.95 Y8.12
G1 X79.95 Y8.10
G1 X79.95 Y8.04
G1 X79.95 Y7.99
G1 X79.95 Y7.94
G1 X79.96 Y7.90
G1 X79.96 Y7.86
G1 X79.97 Y7.82
G1 X79.97 Y7.78
G1 X79.98 Y7.74
G1 X80.13 Y7.89
G1 X80.16 Y7.92
G1 X80.19 Y7.96
G1 X80.22 Y8.00
G1 X80.26 Y8.05
G1 X80.31 Y8.10
G1 X80.35 Y8.16
G1 X80.40 Y8.23
G1 X80.46 Y8.31
G1 X80.50 Y8.36
G1 X80.52 Y8.39
G1 X80.55 Y8.43
G1 X80.58 Y8.47
G1 X80.61 Y8.51
G1 X80.63 Y8.55
G1 X80.66 Y8.59
G1 X80.69 Y8.62
G1 X80.72 Y8.67
G1 X80.75 Y8.71
G1 X80.77 Y8.75
G1 X80.80 Y8.79
G1 X80.84 Y8.83
G1 X80.87 Y8.87
G1 X80.90 Y8.90
G1 X80.94 Y8.94
G1 X80.95 Y8.96
G1 X80.96 Y8.98
G1 X80.98 Y9.00
G1 X80.99 Y9.02
G1 X81.01 Y9.04
G1 X81.04 Y9.07
G1 X81.06 Y9.09
G1 X81.09 Y9.12
G1 X81.12 Y9.14
G1 X81.14 Y9.15
G1 X81.17 Y9.16
G1 X81.19 Y9.17
G1 X81.22 Y9.17
G1 X81.24 Y9.18
G1 X81.27 Y9.18
G1 X81.30 Y9.18
G1 X81.32 Y9.18
G1 X81.33 Y9.18
G1 X81.35 Y9.18
G1 X81.36 Y9.17
G1 X81.38 Y9.17
G1 X81.39 Y9.16
G1 X81.41 Y9.16
G1 X81.42 Y9.15
G1 X81.47 Y9.12
G1 X81.50 Y9.09
G1 X81.53 Y9.06
G1 X81.56 Y9.03
G1 X81.58 Y8.99
G1 X81.59 Y8.94
G1 X81.60 Y8.90
G1 X81.60 Y8.85
G1 X81.63 Y7.74
G1 X81.65 Y7.77
G1 X81.66 Y7.79
G1 X81.68 Y7.81
G1 X81.69 Y7.83
G1 X81.71 Y7.85
G1 X81.72 Y7.87
G1 X81.74 Y7.89
G1 X81.75 Y7.90
G1 X81.77 Y7.93
G1 X81.78 Y7.94
G1 X81.80 Y7.96
G1 X81.81 Y7.98
G1 X81.83 Y7.99
G1 X81.84 Y8.01
G1 X81.86 Y8.03
G1 X81.87 Y8.04
G1 X81.91 Y8.08
G1 X81.93 Y8.11
G1 X81.96 Y8.14
G1 X81.99 Y8.17
G1 X82.01 Y8.20
G1 X82.03 Y8.24
G1 X82.06 Y8.27
G1 X82.08 Y8.31
G1 X82.11 Y8.31
G1 X82.16 Y8.37
G1 X82.19 Y8.42
G1 X82.23 Y8.47
G1 X82.26 Y8.52
G1 X82.30 Y8.56
G1 X82.34 Y8.61
G1 X82.37 Y8.66
G1 X82.41 Y8.70
G1 X82.49 Y8.80
G1 X82.56 Y8.88
G1 X82.62 Y8.96
G1 X82.69 Y9.04
G1 X82.75 Y9.12
G1 X82.82 Y9.20
G1 X82.88 Y9.28
G1 X82.95 Y9.36
G1 X82.98 Y9.40
G1 X83.01 Y9.43
G1 X83.04 Y9.45
G1 X83.07 Y9.47
G1 X83.11 Y9.49
G1 X83.16 Y9.50
G1 X83.20 Y9.51
G1 X83.25 Y9.51
G1 X83.25 Y9.51
G0 Z3.00

G0 X0 Y0 ; Trở về gốc tọa độ
M30 ; Kết thúc chương trình